region,group_location,site_name,FO #,Loc,Svc,NOV,AIN,IGT,WMS,BAL,KON,ITE,Tot/EGMs,FRS,ACM,ITC,Total,Month
Europe,KAISERSLAUTERN,ARMSTRONG'S,2.0,194.0,Army,11.0,4.0,7.0,,11.0,2.0,,35.0,1.0,2.0,2.0,40,Nov-21
Europe,KAISERSLAUTERN,LCCC,2.0,195.0,Army,10.0,3.0,5.0,,10.0,2.0,,30.0,1.0,2.0,2.0,35,Nov-21
Europe,KAISERSLAUTERN,KAZABRA,2.0,196.0,Army,6.0,,4.0,,,2.0,,12.0,1.0,1.0,2.0,16,Nov-21
Europe,KAISERSLAUTERN,STRIKERS,2.0,218.0,Army,9.0,4.0,7.0,2.0,8.0,3.0,,33.0,1.0,2.0,2.0,38,Nov-21
Europe,KAISERSLAUTERN,GOLD MINE,2.0,1038.0,Army,9.0,4.0,3.0,3.0,3.0,,,22.0,1.0,2.0,2.0,27,Nov-21
Europe,KAISERSLAUTERN,ROB JAVA CAFE,2.0,2887.0,Army,6.0,,3.0,1.0,1.0,1.0,,12.0,1.0,1.0,1.0,15,Nov-21
Europe,KAISERSLAUTERN,SEMBACH C/C,2.0,3072.0,Army,7.0,,2.0,,7.0,3.0,,19.0,1.0,2.0,2.0,24,Nov-21
Europe,KAISERSLAUTERN,EDO_CARD_LAB,2.0,3170.0,Army,,,,,,,,,,,,0,Nov-21
Europe,KAISERSLAUTERN,Subtotal,,,,58.0,15.0,31.0,6.0,40.0,13.0,,163.0,7.0,12.0,13.0,195,Nov-21
Europe,VICENZA,LIVORNO C/C,4.0,330.0,Army,3.0,3.0,,4.0,3.0,,3.0,16.0,1.0,2.0,2.0,21,Nov-21
Europe,VICENZA,ARENA B/C,4.0,2895.0,Army,12.0,5.0,7.0,3.0,10.0,4.0,,41.0,1.0,2.0,2.0,46,Nov-21
Europe,VICENZA,DEL DIN C/C,4.0,3132.0,Army,3.0,,5.0,1.0,7.0,,,16.0,1.0,1.0,1.0,19,Nov-21
Europe,VICENZA,Subtotal,,,,18.0,8.0,12.0,8.0,20.0,4.0,3.0,73.0,3.0,5.0,5.0,86,Nov-21
Europe,GARMISCH,EDELWEISS,10.0,2489.0,Army,4.0,4.0,4.0,,8.0,,3.0,23.0,1.0,2.0,2.0,28,Nov-21
Europe,GARMISCH,Subtotal,,,,4.0,4.0,4.0,,8.0,,3.0,23.0,1.0,2.0,2.0,28,Nov-21
Europe,ANSBACH,ACTION LANES,31.0,437.0,Army,6.0,,2.0,2.0,8.0,2.0,,20.0,1.0,1.0,2.0,24,Nov-21
Europe,ANSBACH,STORCK BRK B/C,31.0,438.0,Army,6.0,,3.0,1.0,4.0,2.0,,16.0,1.0,1.0,2.0,20,Nov-21
Europe,ANSBACH,Subtotal,,,,12.0,,5.0,3.0,12.0,4.0,,36.0,2.0,2.0,4.0,44,Nov-21
Europe,SOUDA BAY,GRAFFITI'S,39.0,2618.0,Navy,21.0,,3.0,,,,,24.0,1.0,2.0,2.0,29,Nov-21
Europe,SOUDA BAY,Subtotal,,,,21.0,,3.0,,,,,24.0,1.0,2.0,2.0,29,Nov-21
Europe,SIGONELLA,SIG B/C,40.0,2595.0,Navy,7.0,2.0,5.0,3.0,4.0,,,21.0,1.0,1.0,1.0,24,Nov-21
Europe,SIGONELLA,JOX SPORTS BAR,40.0,2597.0,Navy,10.0,2.0,2.0,2.0,3.0,,,19.0,1.0,2.0,2.0,24,Nov-21
Europe,SIGONELLA,Subtotal,,,,17.0,4.0,7.0,5.0,7.0,,,40.0,2.0,3.0,3.0,48,Nov-21
Europe,NAPLES,CAPO OLDE TOWN,42.0,2588.0,Navy,9.0,,6.0,1.0,4.0,2.0,,22.0,1.0,1.0,2.0,26,Nov-21
Europe,NAPLES,NAPLES B/C,42.0,2591.0,Navy,5.0,1.0,3.0,2.0,9.0,5.0,,25.0,1.0,1.0,2.0,29,Nov-21
Europe,NAPLES,Subtotal,,,,14.0,1.0,9.0,3.0,13.0,7.0,,47.0,2.0,2.0,4.0,55,Nov-21
Europe,ROTA,LA PLAZA,43.0,2600.0,Navy,13.0,4.0,2.0,,6.0,4.0,,29.0,1.0,1.0,2.0,33,Nov-21
Europe,ROTA,PINZ,43.0,2601.0,Navy,3.0,,3.0,1.0,5.0,1.0,,13.0,1.0,1.0,1.0,16,Nov-21
Europe,ROTA,ROTA FLEET CTR,43.0,2605.0,Navy,2.0,,2.0,1.0,,,,5.0,1.0,1.0,1.0,8,Nov-21
Europe,ROTA,NGIS ROTA,43.0,2890.0,Navy,4.0,,3.0,,2.0,1.0,,10.0,1.0,1.0,1.0,13,Nov-21
Europe,ROTA,Subtotal,,,,22.0,4.0,10.0,2.0,13.0,6.0,,57.0,4.0,4.0,5.0,70,Nov-21
Europe,STUTTGART,PATCH C/C,45.0,256.0,Army,15.0,3.0,8.0,3.0,14.0,5.0,,48.0,1.0,2.0,2.0,53,Nov-21
Europe,STUTTGART,KELLY C/C,45.0,280.0,Army,10.0,,3.0,1.0,4.0,1.0,,19.0,1.0,1.0,1.0,22,Nov-21
Europe,STUTTGART,GALAXY B/C,45.0,298.0,Army,6.0,2.0,3.0,1.0,7.0,2.0,,21.0,1.0,1.0,1.0,24,Nov-21
Europe,STUTTGART,Subtotal,,,,31.0,5.0,14.0,5.0,25.0,8.0,,88.0,3.0,4.0,4.0,99,Nov-21
Europe,VILSECK,GRAF E/C,46.0,413.0,Army,15.0,4.0,5.0,4.0,6.0,2.0,,36.0,1.0,2.0,2.0,41,Nov-21
Europe,VILSECK,HOHENFELS B/C,46.0,415.0,Army,4.0,4.0,6.0,,4.0,,,18.0,1.0,2.0,2.0,23,Nov-21
Europe,VILSECK,VILSECK B/C,46.0,417.0,Army,7.0,,,2.0,4.0,,,13.0,1.0,1.0,1.0,16,Nov-21
Europe,VILSECK,LANGENBRUCK,46.0,1858.0,Army,13.0,4.0,4.0,,15.0,,,36.0,1.0,2.0,2.0,41,Nov-21
Europe,VILSECK,ALGIER R/C,46.0,3145.0,Army,,,,,,,,,,,,0,Nov-21
Europe,VILSECK,Subtotal,,,,39.0,12.0,15.0,6.0,29.0,2.0,,103.0,4.0,7.0,7.0,121,Nov-21
Europe,WIESBADEN,THE VAULT,47.0,1669.0,Army,10.0,4.0,5.0,,11.0,2.0,,32.0,1.0,2.0,2.0,37,Nov-21
Europe,WIESBADEN,LIBERTY GAMES,47.0,1881.0,Army,7.0,,7.0,,5.0,1.0,,20.0,1.0,1.0,1.0,23,Nov-21
Europe,WIESBADEN,WIESBADEN E/C,47.0,2976.0,Army,9.0,4.0,4.0,1.0,6.0,2.0,,26.0,,1.0,,27,Nov-21
Europe,WIESBADEN,ACE'S GAME RM,47.0,3108.0,Army,6.0,1.0,2.0,,,1.0,,10.0,1.0,1.0,1.0,13,Nov-21
Europe,WIESBADEN,Subtotal,,,,32.0,9.0,18.0,1.0,22.0,6.0,,88.0,3.0,5.0,4.0,100,Nov-21
Japan,YOKOSUKA,YOKOSUKA B/C,18.0,3146.0,Navy,8.0,4.0,3.0,,6.0,1.0,,22.0,1.0,1.0,2.0,26,Nov-21
Japan,YOKOSUKA,CLUB ALLIANCE,18.0,3147.0,Navy,7.0,5.0,2.0,1.0,12.0,2.0,,29.0,1.0,1.0,2.0,33,Nov-21
Japan,YOKOSUKA,CPO CLUB,18.0,3148.0,Navy,7.0,,3.0,,1.0,1.0,,12.0,1.0,1.0,2.0,16,Nov-21
Japan,YOKOSUKA,TAKEMIYA CLUB,18.0,3149.0,Navy,3.0,,,1.0,1.0,1.0,,6.0,1.0,1.0,2.0,10,Nov-21
Japan,YOKOSUKA,OFFICERS CLUB,18.0,3150.0,Navy,6.0,,2.0,2.0,1.0,2.0,,13.0,1.0,1.0,2.0,17,Nov-21
Japan,YOKOSUKA,SEASIDE CLUB,18.0,3151.0,Navy,4.0,8.0,4.0,2.0,13.0,1.0,,32.0,1.0,1.0,2.0,36,Nov-21
Japan,YOKOSUKA,Subtotal,,,,35.0,17.0,14.0,6.0,34.0,8.0,,114.0,6.0,6.0,12.0,138,Nov-21
Japan,SASEBO,HARBOR VIEW,19.0,3096.0,Navy,7.0,6.0,3.0,5.0,5.0,1.0,,27.0,1.0,1.0,2.0,31,Nov-21
Japan,SASEBO,HARIO,19.0,3097.0,Navy,3.0,6.0,2.0,3.0,,1.0,,15.0,1.0,1.0,2.0,19,Nov-21
Japan,SASEBO,GALAXIES,19.0,3098.0,Navy,7.0,6.0,8.0,,5.0,3.0,,29.0,1.0,1.0,2.0,33,Nov-21
Japan,SASEBO,Subtotal,,,,17.0,18.0,13.0,8.0,10.0,5.0,,71.0,3.0,3.0,6.0,83,Nov-21
Japan,ZAMA,ZAMA C/C,22.0,883.0,Army,8.0,5.0,4.0,2.0,8.0,3.0,,30.0,1.0,1.0,1.0,33,Nov-21
Japan,ZAMA,SHA CLUB,22.0,885.0,Army,4.0,,1.0,2.0,,,,7.0,1.0,1.0,1.0,10,Nov-21
Japan,ZAMA,ZAMA B/C,22.0,886.0,Army,5.0,,,3.0,,,,8.0,1.0,1.0,1.0,11,Nov-21
Japan,ZAMA,ROAD HOUSE,22.0,1127.0,Marine Corps,7.0,,,,,,,7.0,1.0,1.0,1.0,10,Nov-21
Japan,ZAMA,SANNO HOTEL,22.0,2664.0,Navy,12.0,6.0,4.0,2.0,8.0,,,32.0,1.0,1.0,2.0,36,Nov-21
Japan,ZAMA,CORNER POCKET,22.0,3078.0,Navy,10.0,,2.0,2.0,3.0,,,17.0,1.0,1.0,1.0,20,Nov-21
Japan,ZAMA,CLUB TRILOGY,22.0,3079.0,Navy,10.0,6.0,2.0,2.0,8.0,,,28.0,1.0,1.0,2.0,32,Nov-21
Japan,ZAMA,ZAMA G/C,22.0,3165.0,Army,5.0,4.0,3.0,,3.0,,,15.0,1.0,1.0,1.0,18,Nov-21
Japan,ZAMA,Subtotal,,,,61.0,21.0,16.0,13.0,30.0,3.0,,144.0,8.0,8.0,10.0,170,Nov-21
Japan,OKINAWA,HAVANA'S,26.0,967.0,Army,2.0,,1.0,2.0,,1.0,,6.0,1.0,1.0,1.0,9,Nov-21
Japan,OKINAWA,HASHMARKS,26.0,1105.0,Marine Corps,6.0,,6.0,4.0,4.0,,,20.0,1.0,1.0,2.0,24,Nov-21
Japan,OKINAWA,COURTNEY B/C,26.0,1107.0,Marine Corps,3.0,,6.0,2.0,2.0,2.0,,15.0,1.0,1.0,2.0,19,Nov-21
Japan,OKINAWA,TAIYO G/C,26.0,1109.0,Marine Corps,21.0,9.0,10.0,,11.0,2.0,,53.0,1.0,2.0,2.0,58,Nov-21
Japan,OKINAWA,BUTLER B/C,26.0,1111.0,Marine Corps,4.0,7.0,2.0,1.0,10.0,2.0,,26.0,1.0,1.0,2.0,30,Nov-21
Japan,OKINAWA,OCEAN BREEZE,26.0,1114.0,Marine Corps,16.0,18.0,15.0,,26.0,3.0,,78.0,1.0,3.0,2.0,84,Nov-21
Japan,OKINAWA,SURFSIDE,26.0,1122.0,Marine Corps,6.0,,4.0,,6.0,2.0,,18.0,1.0,1.0,2.0,22,Nov-21
Japan,OKINAWA,PALMS,26.0,2238.0,Marine Corps,16.0,8.0,6.0,4.0,11.0,2.0,,47.0,1.0,2.0,2.0,52,Nov-21
Japan,OKINAWA,WEST PAC LODGE,26.0,2317.0,Marine Corps,6.0,,4.0,4.0,2.0,,,16.0,1.0,1.0,1.0,19,Nov-21
Japan,OKINAWA,BEACH HEAD,26.0,2394.0,Marine Corps,5.0,,1.0,2.0,,,3.0,11.0,1.0,1.0,2.0,15,Nov-21
Japan,OKINAWA,CROW'S NEST,26.0,2523.0,Navy,6.0,4.0,2.0,2.0,6.0,,,20.0,1.0,1.0,2.0,24,Nov-21
Japan,OKINAWA,PORT CALL,26.0,2525.0,Navy,2.0,,2.0,2.0,,3.0,,9.0,1.0,1.0,2.0,13,Nov-21
Japan,OKINAWA,WHISPERS,26.0,3159.0,Marine Corps,4.0,4.0,2.0,,,,,10.0,,1.0,1.0,12,Nov-21
Japan,OKINAWA,HANSEN TLF,26.0,3169.0,Marine Corps,2.0,,4.0,2.0,2.0,2.0,,12.0,1.0,1.0,1.0,15,Nov-21
Japan,OKINAWA,Subtotal,,,,99.0,50.0,65.0,25.0,80.0,19.0,3.0,341.0,13.0,18.0,24.0,396,Nov-21
Japan,IWAKUNI,TORII PINES TLF,27.0,3164.0,Marine Corps,8.0,4.0,6.0,2.0,5.0,,,25.0,1.0,1.0,2.0,29,Nov-21
Japan,IWAKUNI,IWAKUNI CLUB,27.0,1137.0,Marine Corps,20.0,4.0,4.0,2.0,9.0,4.0,,43.0,1.0,2.0,2.0,48,Nov-21
Japan,IWAKUNI,Subtotal,,,,28.0,8.0,10.0,4.0,14.0,4.0,,68.0,2.0,3.0,4.0,77,Nov-21
Japan,SINGAPORE,TERROR CLUB,17.0,3156.0,Navy,15.0,,,,,,,15.0,1.0,1.0,2.0,19,Nov-21
Japan,SINGAPORE,Subtotal,,,,15.0,,,,,,,15.0,1.0,1.0,2.0,19,Nov-21
Korea,SEOUL,DRAGON HILL,20.0,770.0,Army,33.0,2.0,5.0,4.0,27.0,3.0,,74.0,1.0,2.0,3.0,80,Nov-21
Korea,SEOUL,K-16 C/C,20.0,776.0,Army,12.0,,2.0,,,,,14.0,1.0,1.0,2.0,18,Nov-21
Korea,SEOUL,Subtotal,,,,45.0,2.0,7.0,4.0,27.0,3.0,,88.0,2.0,3.0,5.0,98,Nov-21
Korea,DAEGU,STATE'S GRILL,21.0,866.0,Army,12.0,4.0,5.0,,,2.0,,23.0,1.0,1.0,2.0,27,Nov-21
Korea,DAEGU,HILLTOP,21.0,867.0,Army,7.0,10.0,2.0,,8.0,2.0,,29.0,1.0,1.0,2.0,33,Nov-21
Korea,DAEGU,PERIMETER PUB,21.0,869.0,Army,13.0,,6.0,,3.0,3.0,,25.0,1.0,1.0,2.0,29,Nov-21
Korea,DAEGU,WINDY CITY,21.0,870.0,Army,14.0,,2.0,6.0,,,,22.0,1.0,1.0,2.0,26,Nov-21
Korea,DAEGU,EL GUERRERO,21.0,891.0,Army,16.0,,8.0,,3.0,,,27.0,1.0,1.0,2.0,31,Nov-21
Korea,DAEGU,TURTLE COVE,21.0,2521.0,Navy,6.0,,,5.0,,,,11.0,1.0,1.0,2.0,15,Nov-21
Korea,DAEGU,Subtotal,,,,68.0,14.0,23.0,11.0,14.0,7.0,,137.0,6.0,6.0,12.0,161,Nov-21
Korea,UIJEONGBU,GATEWAY CLUB,23.0,797.0,Army,9.0,5.0,2.0,,6.0,2.0,,24.0,,2.0,,26,Nov-21
Korea,UIJEONGBU,WARRIOR'S,23.0,798.0,Army,10.0,,2.0,2.0,,,,14.0,1.0,1.0,1.0,17,Nov-21
Korea,UIJEONGBU,CASEY B/C,23.0,819.0,Army,12.0,4.0,2.0,,4.0,2.0,,24.0,1.0,1.0,1.0,27,Nov-21
Korea,UIJEONGBU,CASEY LODGE,23.0,1940.0,Army,6.0,,1.0,2.0,2.0,,,11.0,1.0,1.0,1.0,14,Nov-21
Korea,UIJEONGBU,Subtotal,,,,37.0,9.0,7.0,4.0,12.0,4.0,,73.0,3.0,5.0,3.0,84,Nov-21
Korea,PYONGTAEK,FLIGHTLINE,24.0,3166.0,Army,8.0,,,,2.0,,,10.0,1.0,1.0,1.0,13,Nov-21
Korea,PYONGTAEK,CAVE,24.0,3168.0,Army,22.0,6.0,5.0,,8.0,,,41.0,1.0,2.0,2.0,46,Nov-21
Korea,PYONGTAEK,HUMPHREYS B/C,24.0,839.0,Army,6.0,4.0,4.0,,,,,14.0,1.0,1.0,2.0,18,Nov-21
Korea,PYONGTAEK,MORNING CALM,24.0,3158.0,Army,15.0,15.0,6.0,,29.0,3.0,,68.0,1.0,2.0,2.0,73,Nov-21
Korea,PYONGTAEK,Subtotal,,,,51.0,25.0,15.0,,39.0,3.0,,133.0,4.0,6.0,7.0,150,Nov-21
,,ARMP Total,,,,724.0,226.0,298.0,114.0,449.0,106.0,9.0,1926.0,80.0,107.0,138.0,2251,Nov-21
Europe,KAISERSLAUTERN,ARMSTRONG'S,2.0,194.0,Army,11.0,4.0,7.0,,11.0,2.0,,35.0,1.0,2.0,2.0,40,Dec-21
Europe,KAISERSLAUTERN,LCCC,2.0,195.0,Army,10.0,3.0,5.0,,10.0,2.0,,30.0,1.0,2.0,2.0,35,Dec-21
Europe,KAISERSLAUTERN,KAZABRA,2.0,196.0,Army,6.0,,4.0,,,2.0,,12.0,1.0,1.0,2.0,16,Dec-21
Europe,KAISERSLAUTERN,STRIKERS,2.0,218.0,Army,9.0,4.0,7.0,2.0,8.0,3.0,,33.0,1.0,2.0,2.0,38,Dec-21
Europe,KAISERSLAUTERN,GOLD MINE,2.0,1038.0,Army,9.0,4.0,3.0,3.0,3.0,,,22.0,1.0,2.0,2.0,27,Dec-21
Europe,KAISERSLAUTERN,ROB JAVA CAFE,2.0,2887.0,Army,6.0,,3.0,1.0,1.0,1.0,,12.0,1.0,1.0,1.0,15,Dec-21
Europe,KAISERSLAUTERN,SEMBACH C/C,2.0,3072.0,Army,7.0,,2.0,,7.0,3.0,,19.0,1.0,2.0,2.0,24,Dec-21
Europe,KAISERSLAUTERN,EDO_CARD_LAB,2.0,3170.0,Army,,,,,,,,,,,,0,Dec-21
Europe,KAISERSLAUTERN,Subtotal,,,,58.0,15.0,31.0,6.0,40.0,13.0,,163.0,7.0,12.0,13.0,195,Dec-21
Europe,VICENZA,LIVORNO C/C,4.0,330.0,Army,3.0,3.0,,4.0,3.0,,3.0,16.0,1.0,2.0,2.0,21,Dec-21
Europe,VICENZA,ARENA B/C,4.0,2895.0,Army,12.0,5.0,7.0,3.0,10.0,4.0,,41.0,1.0,2.0,2.0,46,Dec-21
Europe,VICENZA,DEL DIN C/C,4.0,3132.0,Army,3.0,,5.0,1.0,7.0,,,16.0,1.0,1.0,1.0,19,Dec-21
Europe,VICENZA,Subtotal,,,,18.0,8.0,12.0,8.0,20.0,4.0,3.0,73.0,3.0,5.0,5.0,86,Dec-21
Europe,GARMISCH,EDELWEISS,10.0,2489.0,Army,4.0,4.0,4.0,,8.0,,3.0,23.0,1.0,2.0,2.0,28,Dec-21
Europe,GARMISCH,Subtotal,,,,4.0,4.0,4.0,,8.0,,3.0,23.0,1.0,2.0,2.0,28,Dec-21
Europe,ANSBACH,ACTION LANES,31.0,437.0,Army,6.0,,2.0,2.0,8.0,2.0,,20.0,1.0,1.0,2.0,24,Dec-21
Europe,ANSBACH,STORCK BRK B/C,31.0,438.0,Army,6.0,,3.0,1.0,4.0,2.0,,16.0,1.0,1.0,2.0,20,Dec-21
Europe,ANSBACH,Subtotal,,,,12.0,,5.0,3.0,12.0,4.0,,36.0,2.0,2.0,4.0,44,Dec-21
Europe,SOUDA BAY,GRAFFITI'S,39.0,2618.0,Navy,21.0,,3.0,,,,,24.0,1.0,2.0,2.0,29,Dec-21
Europe,SOUDA BAY,Subtotal,,,,21.0,,3.0,,,,,24.0,1.0,2.0,2.0,29,Dec-21
Europe,SIGONELLA,SIG B/C,40.0,2595.0,Navy,7.0,2.0,5.0,3.0,4.0,,,21.0,1.0,1.0,1.0,24,Dec-21
Europe,SIGONELLA,JOX SPORTS BAR,40.0,2597.0,Navy,10.0,2.0,2.0,2.0,3.0,,,19.0,1.0,2.0,2.0,24,Dec-21
Europe,SIGONELLA,Subtotal,,,,17.0,4.0,7.0,5.0,7.0,,,40.0,2.0,3.0,3.0,48,Dec-21
Europe,NAPLES,CAPO OLDE TOWN,42.0,2588.0,Navy,9.0,,6.0,1.0,4.0,2.0,,22.0,1.0,1.0,2.0,26,Dec-21
Europe,NAPLES,NAPLES B/C,42.0,2591.0,Navy,5.0,1.0,3.0,2.0,9.0,5.0,,25.0,1.0,1.0,2.0,29,Dec-21
Europe,NAPLES,Subtotal,,,,14.0,1.0,9.0,3.0,13.0,7.0,,47.0,2.0,2.0,4.0,55,Dec-21
Europe,ROTA,LA PLAZA,43.0,2600.0,Navy,13.0,4.0,2.0,,6.0,4.0,,29.0,1.0,1.0,2.0,33,Dec-21
Europe,ROTA,PINZ,43.0,2601.0,Navy,3.0,,3.0,1.0,5.0,1.0,,13.0,1.0,1.0,1.0,16,Dec-21
Europe,ROTA,ROTA FLEET CTR,43.0,2605.0,Navy,2.0,,2.0,1.0,,,,5.0,1.0,1.0,1.0,8,Dec-21
Europe,ROTA,NGIS ROTA,43.0,2890.0,Navy,4.0,,3.0,,2.0,1.0,,10.0,1.0,1.0,1.0,13,Dec-21
Europe,ROTA,Subtotal,,,,22.0,4.0,10.0,2.0,13.0,6.0,,57.0,4.0,4.0,5.0,70,Dec-21
Europe,STUTTGART,PATCH C/C,45.0,256.0,Army,15.0,3.0,8.0,3.0,14.0,5.0,,48.0,1.0,2.0,2.0,53,Dec-21
Europe,STUTTGART,KELLY C/C,45.0,280.0,Army,10.0,,3.0,1.0,4.0,1.0,,19.0,1.0,1.0,1.0,22,Dec-21
Europe,STUTTGART,GALAXY B/C,45.0,298.0,Army,6.0,2.0,3.0,1.0,7.0,2.0,,21.0,1.0,1.0,1.0,24,Dec-21
Europe,STUTTGART,Subtotal,,,,31.0,5.0,14.0,5.0,25.0,8.0,,88.0,3.0,4.0,4.0,99,Dec-21
Europe,VILSECK,GRAF E/C,46.0,413.0,Army,15.0,4.0,5.0,4.0,6.0,2.0,,36.0,1.0,2.0,2.0,41,Dec-21
Europe,VILSECK,HOHENFELS B/C,46.0,415.0,Army,4.0,4.0,6.0,,6.0,,,20.0,1.0,2.0,2.0,25,Dec-21
Europe,VILSECK,VILSECK B/C,46.0,417.0,Army,7.0,,,2.0,4.0,,,13.0,1.0,1.0,1.0,16,Dec-21
Europe,VILSECK,LANGENBRUCK,46.0,1858.0,Army,13.0,4.0,4.0,,15.0,,,36.0,1.0,2.0,2.0,41,Dec-21
Europe,VILSECK,ALGIER R/C,46.0,3145.0,Army,,,,,,,,,,,,0,Dec-21
Europe,VILSECK,Subtotal,,,,39.0,12.0,15.0,6.0,31.0,2.0,,105.0,4.0,7.0,7.0,123,Dec-21
Europe,WIESBADEN,THE VAULT,47.0,1669.0,Army,10.0,4.0,5.0,,11.0,2.0,,32.0,1.0,2.0,2.0,37,Dec-21
Europe,WIESBADEN,LIBERTY GAMES,47.0,1881.0,Army,7.0,,7.0,,5.0,1.0,,20.0,1.0,1.0,1.0,23,Dec-21
Europe,WIESBADEN,WIESBADEN E/C,47.0,2976.0,Army,9.0,4.0,4.0,1.0,6.0,2.0,,26.0,,1.0,,27,Dec-21
Europe,WIESBADEN,ACE'S GAME RM,47.0,3108.0,Army,6.0,1.0,2.0,,,1.0,,10.0,1.0,1.0,1.0,13,Dec-21
Europe,WIESBADEN,Subtotal,,,,32.0,9.0,18.0,1.0,22.0,6.0,,88.0,3.0,5.0,4.0,100,Dec-21
Japan,YOKOSUKA,YOKOSUKA B/C,18.0,3146.0,Navy,8.0,4.0,3.0,,6.0,1.0,,22.0,1.0,1.0,2.0,26,Dec-21
Japan,YOKOSUKA,CLUB ALLIANCE,18.0,3147.0,Navy,7.0,5.0,2.0,1.0,12.0,2.0,,29.0,1.0,1.0,2.0,33,Dec-21
Japan,YOKOSUKA,CPO CLUB,18.0,3148.0,Navy,7.0,,3.0,,1.0,1.0,,12.0,1.0,1.0,2.0,16,Dec-21
Japan,YOKOSUKA,TAKEMIYA CLUB,18.0,3149.0,Navy,3.0,,,1.0,1.0,1.0,,6.0,1.0,1.0,2.0,10,Dec-21
Japan,YOKOSUKA,OFFICERS CLUB,18.0,3150.0,Navy,6.0,,2.0,2.0,1.0,2.0,,13.0,1.0,1.0,2.0,17,Dec-21
Japan,YOKOSUKA,SEASIDE CLUB,18.0,3151.0,Navy,4.0,8.0,4.0,2.0,13.0,1.0,,32.0,1.0,1.0,2.0,36,Dec-21
Japan,YOKOSUKA,Subtotal,,,,35.0,17.0,14.0,6.0,34.0,8.0,,114.0,6.0,6.0,12.0,138,Dec-21
Japan,SASEBO,HARBOR VIEW,19.0,3096.0,Navy,7.0,6.0,3.0,5.0,5.0,1.0,,27.0,1.0,1.0,2.0,31,Dec-21
Japan,SASEBO,HARIO,19.0,3097.0,Navy,3.0,6.0,2.0,3.0,,1.0,,15.0,1.0,1.0,2.0,19,Dec-21
Japan,SASEBO,GALAXIES,19.0,3098.0,Navy,7.0,6.0,8.0,,5.0,3.0,,29.0,1.0,1.0,2.0,33,Dec-21
Japan,SASEBO,Subtotal,,,,17.0,18.0,13.0,8.0,10.0,5.0,,71.0,3.0,3.0,6.0,83,Dec-21
Japan,ZAMA,ZAMA C/C,22.0,883.0,Army,8.0,5.0,4.0,2.0,8.0,3.0,,30.0,1.0,1.0,1.0,33,Dec-21
Japan,ZAMA,SHA CLUB,22.0,885.0,Army,4.0,,1.0,2.0,,,,7.0,1.0,1.0,1.0,10,Dec-21
Japan,ZAMA,ZAMA B/C,22.0,886.0,Army,5.0,,,3.0,,,,8.0,1.0,1.0,1.0,11,Dec-21
Japan,ZAMA,ROAD HOUSE,22.0,1127.0,Marine Corps,7.0,,,,,,,7.0,1.0,1.0,1.0,10,Dec-21
Japan,ZAMA,SANNO HOTEL,22.0,2664.0,Navy,12.0,6.0,4.0,2.0,8.0,,,32.0,1.0,1.0,2.0,36,Dec-21
Japan,ZAMA,CORNER POCKET,22.0,3078.0,Navy,10.0,,2.0,2.0,3.0,,,17.0,1.0,1.0,1.0,20,Dec-21
Japan,ZAMA,CLUB TRILOGY,22.0,3079.0,Navy,10.0,6.0,2.0,2.0,8.0,,,28.0,1.0,1.0,2.0,32,Dec-21
Japan,ZAMA,ZAMA G/C,22.0,3165.0,Army,5.0,4.0,3.0,,3.0,,,15.0,1.0,1.0,1.0,18,Dec-21
Japan,ZAMA,Subtotal,,,,61.0,21.0,16.0,13.0,30.0,3.0,,144.0,8.0,8.0,10.0,170,Dec-21
Japan,OKINAWA,HAVANA'S,26.0,967.0,Army,2.0,,1.0,2.0,,1.0,,6.0,1.0,1.0,1.0,9,Dec-21
Japan,OKINAWA,HASHMARKS,26.0,1105.0,Marine Corps,6.0,,6.0,4.0,4.0,,,20.0,1.0,1.0,2.0,24,Dec-21
Japan,OKINAWA,COURTNEY B/C,26.0,1107.0,Marine Corps,3.0,,6.0,2.0,2.0,2.0,,15.0,1.0,1.0,2.0,19,Dec-21
Japan,OKINAWA,TAIYO G/C,26.0,1109.0,Marine Corps,21.0,9.0,10.0,,11.0,2.0,,53.0,1.0,2.0,2.0,58,Dec-21
Japan,OKINAWA,BUTLER B/C,26.0,1111.0,Marine Corps,4.0,7.0,2.0,1.0,10.0,2.0,,26.0,1.0,1.0,2.0,30,Dec-21
Japan,OKINAWA,OCEAN BREEZE,26.0,1114.0,Marine Corps,16.0,18.0,15.0,,26.0,3.0,,78.0,1.0,3.0,2.0,84,Dec-21
Japan,OKINAWA,SURFSIDE,26.0,1122.0,Marine Corps,6.0,,4.0,,6.0,2.0,,18.0,1.0,1.0,2.0,22,Dec-21
Japan,OKINAWA,PALMS,26.0,2238.0,Marine Corps,16.0,8.0,6.0,4.0,11.0,2.0,,47.0,1.0,2.0,2.0,52,Dec-21
Japan,OKINAWA,WEST PAC LODGE,26.0,2317.0,Marine Corps,6.0,,4.0,4.0,2.0,,,16.0,1.0,1.0,1.0,19,Dec-21
Japan,OKINAWA,BEACH HEAD,26.0,2394.0,Marine Corps,5.0,,1.0,2.0,,,3.0,11.0,1.0,1.0,2.0,15,Dec-21
Japan,OKINAWA,CROW'S NEST,26.0,2523.0,Navy,6.0,4.0,2.0,2.0,6.0,,,20.0,1.0,1.0,2.0,24,Dec-21
Japan,OKINAWA,PORT CALL,26.0,2525.0,Navy,2.0,,2.0,2.0,,3.0,,9.0,1.0,1.0,2.0,13,Dec-21
Japan,OKINAWA,WHISPERS,26.0,3159.0,Marine Corps,4.0,4.0,2.0,,,,,10.0,,1.0,1.0,12,Dec-21
Japan,OKINAWA,HANSEN TLF,26.0,3169.0,Marine Corps,2.0,,4.0,2.0,2.0,2.0,,12.0,1.0,1.0,1.0,15,Dec-21
Japan,OKINAWA,Subtotal,,,,99.0,50.0,65.0,25.0,80.0,19.0,3.0,341.0,13.0,18.0,24.0,396,Dec-21
Japan,IWAKUNI,TORII PINES TLF,27.0,3164.0,Marine Corps,8.0,4.0,6.0,2.0,5.0,,,25.0,1.0,1.0,2.0,29,Dec-21
Japan,IWAKUNI,IWAKUNI CLUB,27.0,1137.0,Marine Corps,20.0,4.0,4.0,2.0,9.0,4.0,,43.0,1.0,2.0,2.0,48,Dec-21
Japan,IWAKUNI,Subtotal,,,,28.0,8.0,10.0,4.0,14.0,4.0,,68.0,2.0,3.0,4.0,77,Dec-21
Japan,SINGAPORE,TERROR CLUB,17.0,3156.0,Navy,15.0,,,,,,,15.0,1.0,1.0,2.0,19,Dec-21
Japan,SINGAPORE,Subtotal,,,,15.0,,,,,,,15.0,1.0,1.0,2.0,19,Dec-21
Korea,SEOUL,DRAGON HILL,20.0,770.0,Army,35.0,,5.0,4.0,27.0,3.0,,74.0,1.0,2.0,3.0,80,Dec-21
Korea,SEOUL,K-16 C/C,20.0,776.0,Army,10.0,,2.0,,,,,12.0,1.0,1.0,2.0,16,Dec-21
Korea,SEOUL,Subtotal,,,,45.0,,7.0,4.0,27.0,3.0,,86.0,2.0,3.0,5.0,96,Dec-21
Korea,DAEGU,STATE'S GRILL,21.0,866.0,Army,10.0,4.0,5.0,,,2.0,,21.0,1.0,1.0,2.0,25,Dec-21
Korea,DAEGU,HILLTOP,21.0,867.0,Army,9.0,10.0,2.0,,8.0,,,29.0,1.0,1.0,2.0,33,Dec-21
Korea,DAEGU,PERIMETER PUB,21.0,869.0,Army,13.0,,6.0,,3.0,3.0,,25.0,1.0,1.0,2.0,29,Dec-21
Korea,DAEGU,WINDY CITY,21.0,870.0,Army,14.0,,2.0,6.0,,,,22.0,1.0,1.0,2.0,26,Dec-21
Korea,DAEGU,EL GUERRERO,21.0,891.0,Army,16.0,,6.0,,3.0,2.0,,27.0,1.0,1.0,2.0,31,Dec-21
Korea,DAEGU,TURTLE COVE,21.0,2521.0,Navy,6.0,,,5.0,,,,11.0,1.0,1.0,2.0,15,Dec-21
Korea,DAEGU,Subtotal,,,,68.0,14.0,21.0,11.0,14.0,7.0,,135.0,6.0,6.0,12.0,159,Dec-21
Korea,UIJEONGBU,IMPACT ZONE,23.0,797.0,Army,9.0,5.0,2.0,,6.0,2.0,,24.0,,2.0,,26,Dec-21
Korea,UIJEONGBU,WARRIOR'S,23.0,798.0,Army,10.0,,2.0,2.0,,,,14.0,1.0,1.0,1.0,17,Dec-21
Korea,UIJEONGBU,CASEY B/C,23.0,819.0,Army,12.0,4.0,2.0,,4.0,2.0,,24.0,1.0,1.0,1.0,27,Dec-21
Korea,UIJEONGBU,CASEY LODGE,23.0,1940.0,Army,6.0,,1.0,2.0,2.0,,,11.0,1.0,1.0,1.0,14,Dec-21
Korea,UIJEONGBU,Subtotal,,,,37.0,9.0,7.0,4.0,12.0,4.0,,73.0,3.0,5.0,3.0,84,Dec-21
Korea,PYONGTAEK,FLIGHTLINE,24.0,3166.0,Army,8.0,,,,2.0,,,10.0,1.0,1.0,1.0,13,Dec-21
Korea,PYONGTAEK,CAVE,24.0,3168.0,Army,22.0,6.0,5.0,,8.0,,,41.0,1.0,2.0,2.0,46,Dec-21
Korea,PYONGTAEK,HUMPHREYS B/C,24.0,839.0,Army,6.0,4.0,4.0,,,,,14.0,1.0,1.0,2.0,18,Dec-21
Korea,PYONGTAEK,MORNING CALM,24.0,3158.0,Army,15.0,15.0,6.0,,29.0,3.0,,68.0,1.0,2.0,2.0,73,Dec-21
Korea,PYONGTAEK,Subtotal,,,,51.0,25.0,15.0,,39.0,3.0,,133.0,4.0,6.0,7.0,150,Dec-21
,,ARMP Total,,,,724.0,224.0,296.0,114.0,451.0,106.0,9.0,1924.0,80.0,107.0,138.0,2249,Dec-21
Europe,KAISERSLAUTERN,ARMSTRONG'S,2.0,194.0,Army,11.0,4.0,7.0,,11.0,2.0,,35.0,1.0,2.0,2.0,40,Jan-22
Europe,KAISERSLAUTERN,LCCC,2.0,195.0,Army,10.0,3.0,5.0,,10.0,2.0,,30.0,1.0,2.0,2.0,35,Jan-22
Europe,KAISERSLAUTERN,KAZABRA,2.0,196.0,Army,6.0,,4.0,,,2.0,,12.0,1.0,1.0,2.0,16,Jan-22
Europe,KAISERSLAUTERN,STRIKERS,2.0,218.0,Army,9.0,4.0,7.0,2.0,8.0,3.0,,33.0,1.0,2.0,2.0,38,Jan-22
Europe,KAISERSLAUTERN,GOLD MINE,2.0,1038.0,Army,9.0,4.0,3.0,3.0,3.0,,,22.0,1.0,2.0,2.0,27,Jan-22
Europe,KAISERSLAUTERN,ROB JAVA CAFE,2.0,2887.0,Army,6.0,,3.0,1.0,1.0,1.0,,12.0,1.0,1.0,1.0,15,Jan-22
Europe,KAISERSLAUTERN,SEMBACH C/C,2.0,3072.0,Army,7.0,,2.0,,7.0,3.0,,19.0,1.0,2.0,2.0,24,Jan-22
Europe,KAISERSLAUTERN,EDO_CARD_LAB,2.0,3170.0,Army,,,,,,,,0.0,,,,0,Jan-22
Europe,KAISERSLAUTERN,Subtotal,,,,58.0,15.0,31.0,6.0,40.0,13.0,,163.0,7.0,12.0,13.0,195,Jan-22
Europe,VICENZA,LIVORNO C/C,4.0,330.0,Army,3.0,3.0,,4.0,3.0,,3.0,16.0,1.0,2.0,2.0,21,Jan-22
Europe,VICENZA,ARENA B/C,4.0,2895.0,Army,12.0,5.0,7.0,3.0,10.0,4.0,,41.0,1.0,2.0,2.0,46,Jan-22
Europe,VICENZA,DEL DIN C/C,4.0,3132.0,Army,3.0,,5.0,1.0,7.0,,,16.0,1.0,1.0,1.0,19,Jan-22
Europe,VICENZA,Subtotal,,,,18.0,8.0,12.0,8.0,20.0,4.0,3.0,73.0,3.0,5.0,5.0,86,Jan-22
Europe,GARMISCH,EDELWEISS,10.0,2489.0,Army,4.0,4.0,4.0,,8.0,,3.0,23.0,1.0,2.0,2.0,28,Jan-22
Europe,GARMISCH,Subtotal,,,,4.0,4.0,4.0,,8.0,,3.0,23.0,1.0,2.0,2.0,28,Jan-22
Europe,ANSBACH,ACTION LANES,31.0,437.0,Army,6.0,,2.0,2.0,8.0,2.0,,20.0,1.0,1.0,2.0,24,Jan-22
Europe,ANSBACH,STORCK BRK B/C,31.0,438.0,Army,6.0,,3.0,1.0,4.0,2.0,,16.0,1.0,1.0,2.0,20,Jan-22
Europe,ANSBACH,Subtotal,,,,12.0,,5.0,3.0,12.0,4.0,,36.0,2.0,2.0,4.0,44,Jan-22
Europe,SOUDA BAY,GRAFFITI'S,39.0,2618.0,Navy,21.0,2.0,3.0,,2.0,,,28.0,1.0,2.0,2.0,33,Jan-22
Europe,SOUDA BAY,Subtotal,,,,21.0,2.0,3.0,,2.0,,,28.0,1.0,2.0,2.0,33,Jan-22
Europe,SIGONELLA,SIG B/C,40.0,2595.0,Navy,7.0,2.0,5.0,3.0,4.0,,,21.0,1.0,1.0,1.0,24,Jan-22
Europe,SIGONELLA,JOX SPORTS BAR,40.0,2597.0,Navy,10.0,2.0,2.0,2.0,3.0,,,19.0,1.0,2.0,2.0,24,Jan-22
Europe,SIGONELLA,Subtotal,,,,17.0,4.0,7.0,5.0,7.0,,,40.0,2.0,3.0,3.0,48,Jan-22
Europe,NAPLES,CAPO OLDE TOWN,42.0,2588.0,Navy,9.0,,6.0,1.0,4.0,2.0,,22.0,1.0,1.0,2.0,26,Jan-22
Europe,NAPLES,NAPLES B/C,42.0,2591.0,Navy,5.0,1.0,3.0,2.0,9.0,5.0,,25.0,1.0,1.0,2.0,29,Jan-22
Europe,NAPLES,Subtotal,,,,14.0,1.0,9.0,3.0,13.0,7.0,,47.0,2.0,2.0,4.0,55,Jan-22
Europe,ROTA,LA PLAZA,43.0,2600.0,Navy,13.0,4.0,2.0,,6.0,4.0,,29.0,1.0,1.0,2.0,33,Jan-22
Europe,ROTA,PINZ,43.0,2601.0,Navy,3.0,,3.0,1.0,5.0,1.0,,13.0,1.0,1.0,1.0,16,Jan-22
Europe,ROTA,ROTA FLEET CTR,43.0,2605.0,Navy,2.0,,2.0,1.0,,,,5.0,1.0,1.0,1.0,8,Jan-22
Europe,ROTA,NGIS ROTA,43.0,2890.0,Navy,4.0,,3.0,,2.0,1.0,,10.0,1.0,1.0,1.0,13,Jan-22
Europe,ROTA,Subtotal,,,,22.0,4.0,10.0,2.0,13.0,6.0,,57.0,4.0,4.0,5.0,70,Jan-22
Europe,STUTTGART,PATCH C/C,45.0,256.0,Army,15.0,3.0,8.0,3.0,14.0,5.0,,48.0,1.0,2.0,2.0,53,Jan-22
Europe,STUTTGART,KELLY C/C,45.0,280.0,Army,10.0,,3.0,1.0,4.0,1.0,,19.0,1.0,1.0,1.0,22,Jan-22
Europe,STUTTGART,GALAXY B/C,45.0,298.0,Army,6.0,2.0,3.0,1.0,7.0,2.0,,21.0,1.0,1.0,1.0,24,Jan-22
Europe,STUTTGART,Subtotal,,,,31.0,5.0,14.0,5.0,25.0,8.0,,88.0,3.0,4.0,4.0,99,Jan-22
Europe,VILSECK,GRAF E/C,46.0,413.0,Army,15.0,4.0,5.0,4.0,6.0,2.0,,36.0,1.0,2.0,2.0,41,Jan-22
Europe,VILSECK,HOHENFELS B/C,46.0,415.0,Army,4.0,4.0,6.0,,6.0,,,20.0,1.0,2.0,2.0,25,Jan-22
Europe,VILSECK,VILSECK B/C,46.0,417.0,Army,7.0,,,2.0,4.0,,,13.0,1.0,1.0,1.0,16,Jan-22
Europe,VILSECK,LANGENBRUCK,46.0,1858.0,Army,13.0,4.0,4.0,,15.0,,,36.0,1.0,2.0,2.0,41,Jan-22
Europe,VILSECK,ALGIER R/C,46.0,3145.0,Army,,,,,,,,0.0,,,,0,Jan-22
Europe,VILSECK,Subtotal,,,,39.0,12.0,15.0,6.0,31.0,2.0,,105.0,4.0,7.0,7.0,123,Jan-22
Europe,WIESBADEN,THE VAULT,47.0,1669.0,Army,10.0,4.0,5.0,,11.0,2.0,,32.0,1.0,2.0,2.0,37,Jan-22
Europe,WIESBADEN,LIBERTY GAMES,47.0,1881.0,Army,7.0,,7.0,,5.0,1.0,,20.0,1.0,1.0,1.0,23,Jan-22
Europe,WIESBADEN,WIESBADEN E/C,47.0,2976.0,Army,9.0,4.0,4.0,1.0,6.0,2.0,,26.0,,1.0,,27,Jan-22
Europe,WIESBADEN,ACE'S GAME RM,47.0,3108.0,Army,6.0,1.0,2.0,,,1.0,,10.0,1.0,1.0,1.0,13,Jan-22
Europe,WIESBADEN,Subtotal,,,,32.0,9.0,18.0,1.0,22.0,6.0,,88.0,3.0,5.0,4.0,100,Jan-22
Japan,YOKOSUKA,YOKOSUKA B/C,18.0,3146.0,Navy,8.0,4.0,3.0,,6.0,1.0,,22.0,1.0,1.0,2.0,26,Jan-22
Japan,YOKOSUKA,CLUB ALLIANCE,18.0,3147.0,Navy,7.0,5.0,2.0,1.0,12.0,2.0,,29.0,1.0,1.0,2.0,33,Jan-22
Japan,YOKOSUKA,CPO CLUB,18.0,3148.0,Navy,7.0,,3.0,,1.0,1.0,,12.0,1.0,1.0,2.0,16,Jan-22
Japan,YOKOSUKA,TAKEMIYA CLUB,18.0,3149.0,Navy,3.0,,,1.0,1.0,1.0,,6.0,1.0,1.0,2.0,10,Jan-22
Japan,YOKOSUKA,OFFICERS CLUB,18.0,3150.0,Navy,6.0,,2.0,2.0,1.0,2.0,,13.0,1.0,1.0,2.0,17,Jan-22
Japan,YOKOSUKA,SEASIDE CLUB,18.0,3151.0,Navy,4.0,8.0,4.0,2.0,13.0,1.0,,32.0,1.0,1.0,2.0,36,Jan-22
Japan,YOKOSUKA,Subtotal,,,,35.0,17.0,14.0,6.0,34.0,8.0,,114.0,6.0,6.0,12.0,138,Jan-22
Japan,SASEBO,HARBOR VIEW,19.0,3096.0,Navy,7.0,6.0,3.0,5.0,5.0,1.0,,27.0,1.0,1.0,2.0,31,Jan-22
Japan,SASEBO,HARIO,19.0,3097.0,Navy,3.0,6.0,2.0,3.0,,1.0,,15.0,1.0,1.0,2.0,19,Jan-22
Japan,SASEBO,GALAXIES,19.0,3098.0,Navy,7.0,6.0,8.0,,5.0,3.0,,29.0,1.0,1.0,2.0,33,Jan-22
Japan,SASEBO,Subtotal,,,,17.0,18.0,13.0,8.0,10.0,5.0,,71.0,3.0,3.0,6.0,83,Jan-22
Japan,ZAMA,ZAMA C/C,22.0,883.0,Army,8.0,5.0,4.0,2.0,8.0,3.0,,30.0,1.0,1.0,1.0,33,Jan-22
Japan,ZAMA,SHA CLUB,22.0,885.0,Army,4.0,,1.0,2.0,,,,7.0,1.0,1.0,1.0,10,Jan-22
Japan,ZAMA,ZAMA B/C,22.0,886.0,Army,5.0,,,3.0,,,,8.0,1.0,1.0,1.0,11,Jan-22
Japan,ZAMA,ROAD HOUSE,22.0,1127.0,Marine Corps,7.0,,,,,,,7.0,1.0,1.0,1.0,10,Jan-22
Japan,ZAMA,SANNO HOTEL,22.0,2664.0,Navy,12.0,6.0,4.0,2.0,8.0,,,32.0,1.0,1.0,2.0,36,Jan-22
Japan,ZAMA,CORNER POCKET,22.0,3078.0,Navy,10.0,,2.0,2.0,3.0,,,17.0,1.0,1.0,1.0,20,Jan-22
Japan,ZAMA,CLUB TRILOGY,22.0,3079.0,Navy,10.0,6.0,2.0,2.0,8.0,,,28.0,1.0,1.0,2.0,32,Jan-22
Japan,ZAMA,ZAMA G/C,22.0,3165.0,Army,5.0,4.0,3.0,,3.0,,,15.0,1.0,1.0,1.0,18,Jan-22
Japan,ZAMA,Subtotal,,,,61.0,21.0,16.0,13.0,30.0,3.0,,144.0,8.0,8.0,10.0,170,Jan-22
Japan,OKINAWA,HAVANA'S,26.0,967.0,Army,2.0,,1.0,2.0,,1.0,,6.0,1.0,1.0,1.0,9,Jan-22
Japan,OKINAWA,HASHMARKS,26.0,1105.0,Marine Corps,6.0,,6.0,4.0,4.0,,,20.0,1.0,1.0,2.0,24,Jan-22
Japan,OKINAWA,COURTNEY B/C,26.0,1107.0,Marine Corps,3.0,,6.0,2.0,2.0,2.0,,15.0,1.0,1.0,2.0,19,Jan-22
Japan,OKINAWA,TAIYO G/C,26.0,1109.0,Marine Corps,21.0,9.0,10.0,,11.0,2.0,,53.0,1.0,2.0,2.0,58,Jan-22
Japan,OKINAWA,BUTLER B/C,26.0,1111.0,Marine Corps,4.0,7.0,2.0,1.0,10.0,2.0,,26.0,1.0,1.0,2.0,30,Jan-22
Japan,OKINAWA,OCEAN BREEZE,26.0,1114.0,Marine Corps,16.0,18.0,15.0,,26.0,3.0,,78.0,1.0,3.0,2.0,84,Jan-22
Japan,OKINAWA,SURFSIDE,26.0,1122.0,Marine Corps,6.0,,4.0,,6.0,2.0,,18.0,1.0,1.0,2.0,22,Jan-22
Japan,OKINAWA,PALMS,26.0,2238.0,Marine Corps,16.0,8.0,6.0,4.0,11.0,2.0,,47.0,1.0,2.0,2.0,52,Jan-22
Japan,OKINAWA,WEST PAC LODGE,26.0,2317.0,Marine Corps,6.0,,4.0,4.0,2.0,,,16.0,1.0,1.0,1.0,19,Jan-22
Japan,OKINAWA,BEACH HEAD,26.0,2394.0,Marine Corps,5.0,,1.0,2.0,,,3.0,11.0,1.0,1.0,2.0,15,Jan-22
Japan,OKINAWA,CROW'S NEST,26.0,2523.0,Navy,6.0,4.0,2.0,2.0,6.0,,,20.0,1.0,1.0,2.0,24,Jan-22
Japan,OKINAWA,PORT CALL,26.0,2525.0,Navy,2.0,,2.0,2.0,,3.0,,9.0,1.0,1.0,2.0,13,Jan-22
Japan,OKINAWA,WHISPERS,26.0,3159.0,Marine Corps,4.0,4.0,2.0,,,,,10.0,,1.0,1.0,12,Jan-22
Japan,OKINAWA,HANSEN TLF,26.0,3169.0,Marine Corps,2.0,,4.0,2.0,2.0,2.0,,12.0,1.0,1.0,1.0,15,Jan-22
Japan,OKINAWA,Subtotal,,,,99.0,50.0,65.0,25.0,80.0,19.0,3.0,341.0,13.0,18.0,24.0,396,Jan-22
Japan,IWAKUNI,TORII PINES TLF,27.0,3164.0,Marine Corps,8.0,4.0,6.0,2.0,5.0,,,25.0,1.0,1.0,2.0,29,Jan-22
Japan,IWAKUNI,IWAKUNI CLUB,27.0,1137.0,Marine Corps,20.0,4.0,4.0,2.0,9.0,4.0,,43.0,1.0,2.0,2.0,48,Jan-22
Japan,IWAKUNI,Subtotal,,,,28.0,8.0,10.0,4.0,14.0,4.0,,68.0,2.0,3.0,4.0,77,Jan-22
Japan,SINGAPORE,TERROR CLUB,17.0,3156.0,Navy,15.0,,,,,,,15.0,1.0,1.0,2.0,19,Jan-22
Japan,SINGAPORE,Subtotal,,,,15.0,,,,,,,15.0,1.0,1.0,2.0,19,Jan-22
Korea,SEOUL,DRAGON HILL,20.0,770.0,Army,35.0,,5.0,4.0,27.0,3.0,,74.0,1.0,2.0,3.0,80,Jan-22
Korea,SEOUL,K-16 C/C,20.0,776.0,Army,10.0,,2.0,,,,,12.0,1.0,1.0,2.0,16,Jan-22
Korea,SEOUL,Subtotal,,,,45.0,,7.0,4.0,27.0,3.0,,86.0,2.0,3.0,5.0,96,Jan-22
Korea,DAEGU,STATE'S GRILL,21.0,866.0,Army,10.0,4.0,5.0,,,2.0,,21.0,1.0,1.0,2.0,25,Jan-22
Korea,DAEGU,HILLTOP,21.0,867.0,Army,9.0,10.0,2.0,,8.0,,,29.0,1.0,1.0,2.0,33,Jan-22
Korea,DAEGU,PERIMETER PUB,21.0,869.0,Army,13.0,,6.0,,3.0,3.0,,25.0,1.0,1.0,2.0,29,Jan-22
Korea,DAEGU,WINDY CITY,21.0,870.0,Army,14.0,,2.0,6.0,,,,22.0,1.0,1.0,2.0,26,Jan-22
Korea,DAEGU,EL GUERRERO,21.0,891.0,Army,16.0,,6.0,,3.0,2.0,,27.0,1.0,1.0,2.0,31,Jan-22
Korea,DAEGU,TURTLE COVE,21.0,2521.0,Navy,6.0,,,5.0,,,,11.0,1.0,1.0,2.0,15,Jan-22
Korea,DAEGU,Subtotal,,,,68.0,14.0,21.0,11.0,14.0,7.0,,135.0,6.0,6.0,12.0,159,Jan-22
Korea,UIJEONGBU,IMPACT ZONE,23.0,797.0,Army,9.0,5.0,2.0,,6.0,2.0,,24.0,,2.0,,26,Jan-22
Korea,UIJEONGBU,WARRIOR'S,23.0,798.0,Army,10.0,,2.0,2.0,,,,14.0,1.0,1.0,1.0,17,Jan-22
Korea,UIJEONGBU,CASEY B/C,23.0,819.0,Army,12.0,4.0,2.0,,4.0,2.0,,24.0,1.0,1.0,1.0,27,Jan-22
Korea,UIJEONGBU,CASEY LODGE,23.0,1940.0,Army,6.0,,1.0,2.0,2.0,,,11.0,1.0,1.0,1.0,14,Jan-22
Korea,UIJEONGBU,Subtotal,,,,37.0,9.0,7.0,4.0,12.0,4.0,,73.0,3.0,5.0,3.0,84,Jan-22
Korea,PYONGTAEK,FLIGHTLINE,24.0,3166.0,Army,8.0,,,,2.0,,,10.0,1.0,1.0,1.0,13,Jan-22
Korea,PYONGTAEK,CAVE,24.0,3168.0,Army,22.0,6.0,5.0,,8.0,,,41.0,1.0,2.0,2.0,46,Jan-22
Korea,PYONGTAEK,HUMPHREYS B/C,24.0,839.0,Army,6.0,4.0,4.0,,,,,14.0,1.0,1.0,2.0,18,Jan-22
Korea,PYONGTAEK,MORNING CALM,24.0,3158.0,Army,15.0,15.0,6.0,,29.0,3.0,,68.0,1.0,2.0,2.0,73,Jan-22
Korea,PYONGTAEK,Subtotal,,,,51.0,25.0,15.0,,39.0,3.0,,133.0,4.0,6.0,7.0,150,Jan-22
,,ARMP Total,,,,724.0,226.0,296.0,114.0,453.0,106.0,9.0,1928.0,80.0,107.0,138.0,2253,Jan-22
Europe,KAISERSLAUTERN,ARMSTRONG'S,2.0,194.0,Army,11.0,4.0,7.0,,11.0,2.0,,35.0,1.0,2.0,2.0,40,Feb-22
Europe,KAISERSLAUTERN,LCCC,2.0,195.0,Army,10.0,3.0,5.0,,10.0,2.0,,30.0,1.0,2.0,2.0,35,Feb-22
Europe,KAISERSLAUTERN,KAZABRA,2.0,196.0,Army,6.0,,4.0,,,2.0,,12.0,1.0,1.0,2.0,16,Feb-22
Europe,KAISERSLAUTERN,STRIKERS,2.0,218.0,Army,9.0,4.0,7.0,2.0,8.0,3.0,,33.0,1.0,2.0,2.0,38,Feb-22
Europe,KAISERSLAUTERN,GOLD MINE,2.0,1038.0,Army,9.0,4.0,3.0,3.0,3.0,,,22.0,1.0,2.0,2.0,27,Feb-22
Europe,KAISERSLAUTERN,ROB JAVA CAFE,2.0,2887.0,Army,6.0,,3.0,1.0,1.0,1.0,,12.0,1.0,1.0,1.0,15,Feb-22
Europe,KAISERSLAUTERN,SEMBACH C/C,2.0,3072.0,Army,7.0,,2.0,,7.0,3.0,,19.0,1.0,2.0,2.0,24,Feb-22
Europe,KAISERSLAUTERN,EDO_CARD_LAB,2.0,3170.0,Army,,,,,,,,0.0,,,,0,Feb-22
Europe,KAISERSLAUTERN,Subtotal,,,,58.0,15.0,31.0,6.0,40.0,13.0,,163.0,7.0,12.0,13.0,195,Feb-22
Europe,VICENZA,LIVORNO C/C,4.0,330.0,Army,3.0,3.0,,4.0,3.0,,3.0,16.0,1.0,2.0,2.0,21,Feb-22
Europe,VICENZA,ARENA B/C,4.0,2895.0,Army,13.0,5.0,6.0,3.0,10.0,4.0,,41.0,1.0,2.0,2.0,46,Feb-22
Europe,VICENZA,DEL DIN C/C,4.0,3132.0,Army,3.0,,5.0,1.0,7.0,,,16.0,1.0,1.0,1.0,19,Feb-22
Europe,VICENZA,Subtotal,,,,19.0,8.0,11.0,8.0,20.0,4.0,3.0,73.0,3.0,5.0,5.0,86,Feb-22
Europe,GARMISCH,EDELWEISS,10.0,2489.0,Army,4.0,4.0,4.0,,8.0,,3.0,23.0,1.0,2.0,2.0,28,Feb-22
Europe,GARMISCH,Subtotal,,,,4.0,4.0,4.0,,8.0,,3.0,23.0,1.0,2.0,2.0,28,Feb-22
Europe,ANSBACH,ACTION LANES,31.0,437.0,Army,6.0,,2.0,2.0,8.0,2.0,,20.0,1.0,1.0,2.0,24,Feb-22
Europe,ANSBACH,STORCK BRK B/C,31.0,438.0,Army,6.0,,3.0,1.0,4.0,2.0,,16.0,1.0,1.0,2.0,20,Feb-22
Europe,ANSBACH,Subtotal,,,,12.0,,5.0,3.0,12.0,4.0,,36.0,2.0,2.0,4.0,44,Feb-22
Europe,SOUDA BAY,GRAFFITI'S,39.0,2618.0,Navy,21.0,2.0,3.0,,2.0,,,28.0,1.0,2.0,2.0,33,Feb-22
Europe,SOUDA BAY,Subtotal,,,,21.0,2.0,3.0,,2.0,,,28.0,1.0,2.0,2.0,33,Feb-22
Europe,SIGONELLA,SIG B/C,40.0,2595.0,Navy,7.0,2.0,5.0,3.0,4.0,,,21.0,1.0,1.0,1.0,24,Feb-22
Europe,SIGONELLA,JOX SPORTS BAR,40.0,2597.0,Navy,10.0,2.0,2.0,2.0,3.0,,,19.0,1.0,2.0,2.0,24,Feb-22
Europe,SIGONELLA,Subtotal,,,,17.0,4.0,7.0,5.0,7.0,,,40.0,2.0,3.0,3.0,48,Feb-22
Europe,NAPLES,CAPO OLDE TOWN,42.0,2588.0,Navy,9.0,,6.0,1.0,4.0,2.0,,22.0,1.0,1.0,2.0,26,Feb-22
Europe,NAPLES,NAPLES B/C,42.0,2591.0,Navy,5.0,1.0,3.0,2.0,9.0,5.0,,25.0,1.0,1.0,2.0,29,Feb-22
Europe,NAPLES,Subtotal,,,,14.0,1.0,9.0,3.0,13.0,7.0,,47.0,2.0,2.0,4.0,55,Feb-22
Europe,ROTA,LA PLAZA,43.0,2600.0,Navy,13.0,4.0,2.0,,6.0,4.0,,29.0,1.0,1.0,2.0,33,Feb-22
Europe,ROTA,PINZ,43.0,2601.0,Navy,3.0,,3.0,1.0,5.0,1.0,,13.0,1.0,1.0,1.0,16,Feb-22
Europe,ROTA,ROTA FLEET CTR,43.0,2605.0,Navy,2.0,,2.0,1.0,,,,5.0,1.0,1.0,1.0,8,Feb-22
Europe,ROTA,NGIS ROTA,43.0,2890.0,Navy,4.0,,3.0,,2.0,1.0,,10.0,1.0,1.0,1.0,13,Feb-22
Europe,ROTA,Subtotal,,,,22.0,4.0,10.0,2.0,13.0,6.0,,57.0,4.0,4.0,5.0,70,Feb-22
Europe,STUTTGART,PATCH C/C,45.0,256.0,Army,15.0,3.0,8.0,3.0,14.0,5.0,,48.0,1.0,2.0,2.0,53,Feb-22
Europe,STUTTGART,KELLY C/C,45.0,280.0,Army,10.0,,3.0,1.0,4.0,1.0,,19.0,1.0,1.0,1.0,22,Feb-22
Europe,STUTTGART,GALAXY B/C,45.0,298.0,Army,6.0,2.0,3.0,1.0,7.0,2.0,,21.0,1.0,1.0,1.0,24,Feb-22
Europe,STUTTGART,Subtotal,,,,31.0,5.0,14.0,5.0,25.0,8.0,,88.0,3.0,4.0,4.0,99,Feb-22
Europe,VILSECK,GRAF E/C,46.0,413.0,Army,15.0,4.0,5.0,4.0,6.0,2.0,,36.0,1.0,2.0,2.0,41,Feb-22
Europe,VILSECK,HOHENFELS B/C,46.0,415.0,Army,4.0,4.0,6.0,,6.0,,,20.0,1.0,2.0,2.0,25,Feb-22
Europe,VILSECK,VILSECK B/C,46.0,417.0,Army,7.0,,,2.0,4.0,,,13.0,1.0,1.0,1.0,16,Feb-22
Europe,VILSECK,LANGENBRUCK,46.0,1858.0,Army,13.0,4.0,4.0,,15.0,,,36.0,1.0,2.0,2.0,41,Feb-22
Europe,VILSECK,ALGIER R/C,46.0,3145.0,Army,,,,,,,,0.0,,,,0,Feb-22
Europe,VILSECK,Subtotal,,,,39.0,12.0,15.0,6.0,31.0,2.0,,105.0,4.0,7.0,7.0,123,Feb-22
Europe,WIESBADEN,THE VAULT,47.0,1669.0,Army,10.0,4.0,5.0,,11.0,2.0,,32.0,1.0,2.0,2.0,37,Feb-22
Europe,WIESBADEN,LIBERTY GAMES,47.0,1881.0,Army,7.0,,7.0,,5.0,1.0,,20.0,1.0,1.0,1.0,23,Feb-22
Europe,WIESBADEN,WIESBADEN E/C,47.0,2976.0,Army,9.0,4.0,4.0,1.0,6.0,2.0,,26.0,,1.0,,27,Feb-22
Europe,WIESBADEN,ACE'S GAME RM,47.0,3108.0,Army,6.0,1.0,2.0,,,1.0,,10.0,1.0,1.0,1.0,13,Feb-22
Europe,WIESBADEN,Subtotal,,,,32.0,9.0,18.0,1.0,22.0,6.0,,88.0,3.0,5.0,4.0,100,Feb-22
Japan,YOKOSUKA,YOKOSUKA B/C,18.0,3146.0,Navy,8.0,4.0,3.0,,6.0,1.0,,22.0,1.0,1.0,2.0,26,Feb-22
Japan,YOKOSUKA,CLUB ALLIANCE,18.0,3147.0,Navy,7.0,5.0,2.0,1.0,12.0,2.0,,29.0,1.0,1.0,2.0,33,Feb-22
Japan,YOKOSUKA,CPO CLUB,18.0,3148.0,Navy,7.0,,3.0,,1.0,1.0,,12.0,1.0,1.0,2.0,16,Feb-22
Japan,YOKOSUKA,TAKEMIYA CLUB,18.0,3149.0,Navy,4.0,,,1.0,,1.0,,6.0,1.0,1.0,2.0,10,Feb-22
Japan,YOKOSUKA,OFFICERS CLUB,18.0,3150.0,Navy,6.0,,2.0,2.0,1.0,2.0,,13.0,1.0,1.0,2.0,17,Feb-22
Japan,YOKOSUKA,SEASIDE CLUB,18.0,3151.0,Navy,4.0,8.0,4.0,2.0,13.0,1.0,,32.0,1.0,1.0,2.0,36,Feb-22
Japan,YOKOSUKA,Subtotal,,,,36.0,17.0,14.0,6.0,33.0,8.0,,114.0,6.0,6.0,12.0,138,Feb-22
Japan,SASEBO,HARBOR VIEW,19.0,3096.0,Navy,8.0,6.0,3.0,4.0,5.0,1.0,,27.0,1.0,1.0,2.0,31,Feb-22
Japan,SASEBO,HARIO,19.0,3097.0,Navy,3.0,6.0,2.0,3.0,,1.0,,15.0,1.0,1.0,2.0,19,Feb-22
Japan,SASEBO,GALAXIES,19.0,3098.0,Navy,7.0,6.0,8.0,,5.0,3.0,,29.0,1.0,1.0,2.0,33,Feb-22
Japan,SASEBO,Subtotal,,,,18.0,18.0,13.0,7.0,10.0,5.0,,71.0,3.0,3.0,6.0,83,Feb-22
Japan,ZAMA,ZAMA C/C,22.0,883.0,Army,8.0,5.0,4.0,2.0,8.0,3.0,,30.0,1.0,1.0,1.0,33,Feb-22
Japan,ZAMA,SHA CLUB,22.0,885.0,Army,4.0,,1.0,2.0,,,,7.0,1.0,1.0,1.0,10,Feb-22
Japan,ZAMA,ZAMA B/C,22.0,886.0,Army,5.0,,1.0,2.0,,,,8.0,1.0,1.0,1.0,11,Feb-22
Japan,ZAMA,ROAD HOUSE,22.0,1127.0,Marine Corps,7.0,,,,,,,7.0,1.0,1.0,1.0,10,Feb-22
Japan,ZAMA,SANNO HOTEL,22.0,2664.0,Navy,12.0,6.0,4.0,2.0,8.0,,,32.0,1.0,1.0,2.0,36,Feb-22
Japan,ZAMA,CORNER POCKET,22.0,3078.0,Navy,10.0,,2.0,2.0,3.0,,,17.0,1.0,1.0,1.0,20,Feb-22
Japan,ZAMA,CLUB TRILOGY,22.0,3079.0,Navy,10.0,6.0,2.0,2.0,8.0,,,28.0,1.0,1.0,2.0,32,Feb-22
Japan,ZAMA,ZAMA G/C,22.0,3165.0,Army,5.0,4.0,3.0,,3.0,,,15.0,1.0,1.0,1.0,18,Feb-22
Japan,ZAMA,Subtotal,,,,61.0,21.0,17.0,12.0,30.0,3.0,,144.0,8.0,8.0,10.0,170,Feb-22
Japan,OKINAWA,HAVANA'S,26.0,967.0,Army,2.0,,1.0,2.0,,1.0,,6.0,1.0,1.0,1.0,9,Feb-22
Japan,OKINAWA,HASHMARKS,26.0,1105.0,Marine Corps,6.0,,6.0,4.0,4.0,,,20.0,1.0,1.0,2.0,24,Feb-22
Japan,OKINAWA,COURTNEY B/C,26.0,1107.0,Marine Corps,3.0,,6.0,2.0,2.0,2.0,,15.0,1.0,1.0,2.0,19,Feb-22
Japan,OKINAWA,TAIYO G/C,26.0,1109.0,Marine Corps,21.0,9.0,10.0,,11.0,2.0,,53.0,1.0,2.0,2.0,58,Feb-22
Japan,OKINAWA,BUTLER B/C,26.0,1111.0,Marine Corps,4.0,7.0,2.0,1.0,10.0,2.0,,26.0,1.0,1.0,2.0,30,Feb-22
Japan,OKINAWA,OCEAN BREEZE,26.0,1114.0,Marine Corps,16.0,18.0,15.0,,26.0,3.0,,78.0,1.0,3.0,2.0,84,Feb-22
Japan,OKINAWA,SURFSIDE,26.0,1122.0,Marine Corps,6.0,,4.0,,6.0,2.0,,18.0,1.0,1.0,2.0,22,Feb-22
Japan,OKINAWA,PALMS,26.0,2238.0,Marine Corps,16.0,8.0,6.0,4.0,11.0,2.0,,47.0,1.0,2.0,2.0,52,Feb-22
Japan,OKINAWA,WEST PAC LODGE,26.0,2317.0,Marine Corps,6.0,,4.0,4.0,2.0,,,16.0,1.0,1.0,1.0,19,Feb-22
Japan,OKINAWA,BEACH HEAD,26.0,2394.0,Marine Corps,5.0,,1.0,2.0,,,3.0,11.0,1.0,1.0,2.0,15,Feb-22
Japan,OKINAWA,CROW'S NEST,26.0,2523.0,Navy,6.0,4.0,2.0,2.0,6.0,,,20.0,1.0,1.0,2.0,24,Feb-22
Japan,OKINAWA,PORT CALL,26.0,2525.0,Navy,2.0,,2.0,2.0,,3.0,,9.0,1.0,1.0,2.0,13,Feb-22
Japan,OKINAWA,WHISPERS,26.0,3159.0,Marine Corps,4.0,4.0,2.0,,,,,10.0,,1.0,1.0,12,Feb-22
Japan,OKINAWA,HANSEN TLF,26.0,3169.0,Marine Corps,2.0,,4.0,2.0,2.0,2.0,,12.0,1.0,1.0,1.0,15,Feb-22
Japan,OKINAWA,Subtotal,,,,99.0,50.0,65.0,25.0,80.0,19.0,3.0,341.0,13.0,18.0,24.0,396,Feb-22
Japan,IWAKUNI,TORII PINES TLF,27.0,3164.0,Marine Corps,8.0,4.0,6.0,2.0,5.0,,,25.0,1.0,1.0,2.0,29,Feb-22
Japan,IWAKUNI,IWAKUNI CLUB,27.0,1137.0,Marine Corps,20.0,4.0,4.0,2.0,9.0,4.0,,43.0,1.0,2.0,2.0,48,Feb-22
Japan,IWAKUNI,Subtotal,,,,28.0,8.0,10.0,4.0,14.0,4.0,,68.0,2.0,3.0,4.0,77,Feb-22
Japan,SINGAPORE,TERROR CLUB,17.0,3156.0,Navy,15.0,,,,,,,15.0,1.0,1.0,2.0,19,Feb-22
Japan,SINGAPORE,Subtotal,,,,15.0,,,,,,,15.0,1.0,1.0,2.0,19,Feb-22
Korea,SEOUL,DRAGON HILL,20.0,770.0,Army,35.0,,5.0,4.0,27.0,3.0,,74.0,1.0,2.0,3.0,80,Feb-22
Korea,SEOUL,K-16 C/C,20.0,776.0,Army,10.0,,2.0,,,,,12.0,1.0,1.0,2.0,16,Feb-22
Korea,SEOUL,Subtotal,,,,45.0,,7.0,4.0,27.0,3.0,,86.0,2.0,3.0,5.0,96,Feb-22
Korea,DAEGU,STATE'S GRILL,21.0,866.0,Army,10.0,,5.0,,,2.0,,17.0,1.0,1.0,2.0,21,Feb-22
Korea,DAEGU,HILLTOP,21.0,867.0,Army,9.0,10.0,2.0,,8.0,,,29.0,1.0,1.0,2.0,33,Feb-22
Korea,DAEGU,PERIMETER PUB,21.0,869.0,Army,13.0,4.0,6.0,,,3.0,,26.0,1.0,1.0,2.0,30,Feb-22
Korea,DAEGU,WINDY CITY,21.0,870.0,Army,14.0,,2.0,6.0,,,,22.0,1.0,1.0,2.0,26,Feb-22
Korea,DAEGU,EL GUERRERO,21.0,891.0,Army,16.0,,6.0,,3.0,2.0,,27.0,1.0,1.0,2.0,31,Feb-22
Korea,DAEGU,TURTLE COVE,21.0,2521.0,Navy,6.0,,,5.0,,,,11.0,1.0,1.0,2.0,15,Feb-22
Korea,DAEGU,Subtotal,,,,68.0,14.0,21.0,11.0,11.0,7.0,,132.0,6.0,6.0,12.0,156,Feb-22
Korea,UIJEONGBU,IMPACT ZONE,23.0,797.0,Army,9.0,5.0,2.0,,6.0,2.0,,24.0,,2.0,,26,Feb-22
Korea,UIJEONGBU,WARRIOR'S,23.0,798.0,Army,10.0,,2.0,2.0,,,,14.0,1.0,1.0,1.0,17,Feb-22
Korea,UIJEONGBU,CASEY B/C,23.0,819.0,Army,12.0,4.0,2.0,,4.0,2.0,,24.0,1.0,1.0,1.0,27,Feb-22
Korea,UIJEONGBU,CASEY LODGE,23.0,1940.0,Army,6.0,,1.0,2.0,2.0,,,11.0,1.0,1.0,1.0,14,Feb-22
Korea,UIJEONGBU,Subtotal,,,,37.0,9.0,7.0,4.0,12.0,4.0,,73.0,3.0,5.0,3.0,84,Feb-22
Korea,PYONGTAEK,FLIGHTLINE,24.0,3166.0,Army,8.0,,,,2.0,,,10.0,1.0,1.0,1.0,13,Feb-22
Korea,PYONGTAEK,CAVE,24.0,3168.0,Army,22.0,6.0,5.0,,8.0,,,41.0,1.0,2.0,2.0,46,Feb-22
Korea,PYONGTAEK,HUMPHREYS B/C,24.0,839.0,Army,6.0,4.0,4.0,,,,,14.0,1.0,1.0,2.0,18,Feb-22
Korea,PYONGTAEK,MORNING CALM,24.0,3158.0,Army,15.0,15.0,6.0,,29.0,3.0,,68.0,1.0,2.0,2.0,73,Feb-22
Korea,PYONGTAEK,Subtotal,,,,51.0,25.0,15.0,,39.0,3.0,,133.0,4.0,6.0,7.0,150,Feb-22
,,ARMP Total,,,,727.0,226.0,296.0,112.0,449.0,106.0,9.0,1925.0,80.0,107.0,138.0,2250,Feb-22
Europe,KAISERSLAUTERN,ARMSTRONG'S,2.0,194.0,Army,15.0,4.0,9.0,,12.0,4.0,,44.0,1.0,2.0,2.0,49,Mar-22
Europe,KAISERSLAUTERN,LCCC,2.0,195.0,Army,10.0,3.0,5.0,,10.0,2.0,,30.0,1.0,2.0,2.0,35,Mar-22
Europe,KAISERSLAUTERN,KAZABRA,2.0,196.0,Army,6.0,,4.0,,,2.0,,12.0,1.0,1.0,2.0,16,Mar-22
Europe,KAISERSLAUTERN,STRIKERS,2.0,218.0,Army,9.0,4.0,7.0,2.0,8.0,3.0,,33.0,1.0,2.0,2.0,38,Mar-22
Europe,KAISERSLAUTERN,GOLD MINE,2.0,1038.0,Army,9.0,4.0,3.0,3.0,3.0,,,22.0,1.0,2.0,2.0,27,Mar-22
Europe,KAISERSLAUTERN,ROB JAVA CAFE,2.0,2887.0,Army,6.0,,3.0,1.0,1.0,1.0,,12.0,1.0,1.0,1.0,15,Mar-22
Europe,KAISERSLAUTERN,SEMBACH C/C,2.0,3072.0,Army,7.0,,2.0,,7.0,3.0,,19.0,1.0,2.0,2.0,24,Mar-22
Europe,KAISERSLAUTERN,EDO_CARD_LAB,2.0,3170.0,Army,,,,,,,,0.0,,,,0,Mar-22
Europe,KAISERSLAUTERN,Subtotal,,,,62.0,15.0,33.0,6.0,41.0,15.0,,172.0,7.0,12.0,13.0,204,Mar-22
Europe,VICENZA,LIVORNO C/C,4.0,330.0,Army,3.0,3.0,,4.0,3.0,,3.0,16.0,1.0,2.0,2.0,21,Mar-22
Europe,VICENZA,ARENA B/C,4.0,2895.0,Army,13.0,5.0,6.0,3.0,10.0,4.0,,41.0,1.0,2.0,2.0,46,Mar-22
Europe,VICENZA,DEL DIN C/C,4.0,3132.0,Army,3.0,,5.0,1.0,7.0,,,16.0,1.0,1.0,1.0,19,Mar-22
Europe,VICENZA,Subtotal,,,,19.0,8.0,11.0,8.0,20.0,4.0,3.0,73.0,3.0,5.0,5.0,86,Mar-22
Europe,GARMISCH,EDELWEISS,10.0,2489.0,Army,4.0,4.0,4.0,,8.0,,3.0,23.0,1.0,2.0,2.0,28,Mar-22
Europe,GARMISCH,Subtotal,,,,4.0,4.0,4.0,,8.0,,3.0,23.0,1.0,2.0,2.0,28,Mar-22
Europe,ANSBACH,ACTION LANES,31.0,437.0,Army,6.0,,2.0,2.0,8.0,2.0,,20.0,1.0,1.0,2.0,24,Mar-22
Europe,ANSBACH,STORCK BRK B/C,31.0,438.0,Army,6.0,,3.0,1.0,4.0,2.0,,16.0,1.0,1.0,2.0,20,Mar-22
Europe,ANSBACH,Subtotal,,,,12.0,,5.0,3.0,12.0,4.0,,36.0,2.0,2.0,4.0,44,Mar-22
Europe,SOUDA BAY,THE ANCHOR,39.0,2618.0,Navy,21.0,2.0,3.0,,2.0,,,28.0,1.0,2.0,2.0,33,Mar-22
Europe,SOUDA BAY,Subtotal,,,,21.0,2.0,3.0,,2.0,,,28.0,1.0,2.0,2.0,33,Mar-22
Europe,SIGONELLA,SIG B/C,40.0,2595.0,Navy,7.0,2.0,5.0,3.0,4.0,,,21.0,1.0,1.0,1.0,24,Mar-22
Europe,SIGONELLA,JOX SPORTS BAR,40.0,2597.0,Navy,10.0,2.0,2.0,2.0,3.0,,,19.0,1.0,2.0,2.0,24,Mar-22
Europe,SIGONELLA,Subtotal,,,,17.0,4.0,7.0,5.0,7.0,,,40.0,2.0,3.0,3.0,48,Mar-22
Europe,NAPLES,CAPO OLDE TOWN,42.0,2588.0,Navy,9.0,,6.0,1.0,4.0,2.0,,22.0,1.0,1.0,2.0,26,Mar-22
Europe,NAPLES,NAPLES B/C,42.0,2591.0,Navy,5.0,1.0,3.0,2.0,9.0,5.0,,25.0,1.0,1.0,2.0,29,Mar-22
Europe,NAPLES,Subtotal,,,,14.0,1.0,9.0,3.0,13.0,7.0,,47.0,2.0,2.0,4.0,55,Mar-22
Europe,ROTA,LA PLAZA,43.0,2600.0,Navy,13.0,4.0,2.0,,6.0,4.0,,29.0,1.0,1.0,2.0,33,Mar-22
Europe,ROTA,PINZ,43.0,2601.0,Navy,3.0,,3.0,1.0,5.0,1.0,,13.0,1.0,1.0,1.0,16,Mar-22
Europe,ROTA,ROTA FLEET CTR,43.0,2605.0,Navy,2.0,,2.0,1.0,,,,5.0,1.0,1.0,1.0,8,Mar-22
Europe,ROTA,NGIS ROTA,43.0,2890.0,Navy,4.0,,3.0,,2.0,1.0,,10.0,1.0,1.0,1.0,13,Mar-22
Europe,ROTA,Subtotal,,,,22.0,4.0,10.0,2.0,13.0,6.0,,57.0,4.0,4.0,5.0,70,Mar-22
Europe,STUTTGART,PATCH C/C,45.0,256.0,Army,15.0,3.0,8.0,3.0,14.0,5.0,,48.0,1.0,2.0,2.0,53,Mar-22
Europe,STUTTGART,KELLY C/C,45.0,280.0,Army,10.0,,3.0,1.0,4.0,1.0,,19.0,1.0,1.0,1.0,22,Mar-22
Europe,STUTTGART,GALAXY B/C,45.0,298.0,Army,6.0,2.0,3.0,1.0,7.0,2.0,,21.0,1.0,1.0,1.0,24,Mar-22
Europe,STUTTGART,Subtotal,,,,31.0,5.0,14.0,5.0,25.0,8.0,,88.0,3.0,4.0,4.0,99,Mar-22
Europe,VILSECK,GRAF E/C,46.0,413.0,Army,15.0,4.0,5.0,4.0,6.0,2.0,,36.0,1.0,2.0,2.0,41,Mar-22
Europe,VILSECK,HOHENFELS B/C,46.0,415.0,Army,4.0,4.0,6.0,,6.0,,,20.0,1.0,2.0,2.0,25,Mar-22
Europe,VILSECK,VILSECK B/C,46.0,417.0,Army,7.0,,,2.0,4.0,,,13.0,1.0,1.0,1.0,16,Mar-22
Europe,VILSECK,LANGENBRUCK,46.0,1858.0,Army,13.0,4.0,4.0,,15.0,,,36.0,1.0,2.0,2.0,41,Mar-22
Europe,VILSECK,ALGIER R/C,46.0,3145.0,Army,,,,,,,,0.0,,,,0,Mar-22
Europe,VILSECK,Subtotal,,,,39.0,12.0,15.0,6.0,31.0,2.0,,105.0,4.0,7.0,7.0,123,Mar-22
Europe,WIESBADEN,THE VAULT,47.0,1669.0,Army,10.0,4.0,5.0,,11.0,2.0,,32.0,1.0,2.0,2.0,37,Mar-22
Europe,WIESBADEN,LIBERTY GAMES,47.0,1881.0,Army,7.0,,7.0,,5.0,1.0,,20.0,1.0,1.0,1.0,23,Mar-22
Europe,WIESBADEN,WIESBADEN E/C,47.0,2976.0,Army,9.0,4.0,4.0,1.0,6.0,2.0,,26.0,,1.0,,27,Mar-22
Europe,WIESBADEN,ACE'S GAME RM,47.0,3108.0,Army,6.0,1.0,2.0,,,1.0,,10.0,1.0,1.0,1.0,13,Mar-22
Europe,WIESBADEN,Subtotal,,,,32.0,9.0,18.0,1.0,22.0,6.0,,88.0,3.0,5.0,4.0,100,Mar-22
Japan,YOKOSUKA,YOKOSUKA B/C,18.0,3146.0,Navy,8.0,4.0,3.0,,6.0,1.0,,22.0,1.0,1.0,2.0,26,Mar-22
Japan,YOKOSUKA,CLUB ALLIANCE,18.0,3147.0,Navy,7.0,5.0,2.0,1.0,12.0,2.0,,29.0,1.0,1.0,2.0,33,Mar-22
Japan,YOKOSUKA,CPO CLUB,18.0,3148.0,Navy,7.0,,3.0,,1.0,1.0,,12.0,1.0,1.0,2.0,16,Mar-22
Japan,YOKOSUKA,TAKEMIYA CLUB,18.0,3149.0,Navy,4.0,,,1.0,,1.0,,6.0,1.0,1.0,2.0,10,Mar-22
Japan,YOKOSUKA,OFFICERS CLUB,18.0,3150.0,Navy,6.0,,2.0,2.0,1.0,2.0,,13.0,1.0,1.0,2.0,17,Mar-22
Japan,YOKOSUKA,SEASIDE CLUB,18.0,3151.0,Navy,4.0,8.0,4.0,2.0,13.0,1.0,,32.0,1.0,1.0,2.0,36,Mar-22
Japan,YOKOSUKA,Subtotal,,,,36.0,17.0,14.0,6.0,33.0,8.0,,114.0,6.0,6.0,12.0,138,Mar-22
Japan,SASEBO,HARBOR VIEW,19.0,3096.0,Navy,8.0,6.0,3.0,4.0,5.0,1.0,,27.0,1.0,1.0,2.0,31,Mar-22
Japan,SASEBO,HARIO,19.0,3097.0,Navy,3.0,6.0,2.0,3.0,,1.0,,15.0,1.0,1.0,2.0,19,Mar-22
Japan,SASEBO,GALAXIES,19.0,3098.0,Navy,7.0,6.0,8.0,,5.0,3.0,,29.0,1.0,1.0,2.0,33,Mar-22
Japan,SASEBO,Subtotal,,,,18.0,18.0,13.0,7.0,10.0,5.0,,71.0,3.0,3.0,6.0,83,Mar-22
Japan,ZAMA,ZAMA C/C,22.0,883.0,Army,8.0,5.0,4.0,2.0,8.0,3.0,,30.0,1.0,1.0,1.0,33,Mar-22
Japan,ZAMA,SHA CLUB,22.0,885.0,Army,5.0,,,2.0,,,,7.0,1.0,1.0,1.0,10,Mar-22
Japan,ZAMA,ZAMA B/C,22.0,886.0,Army,5.0,,1.0,2.0,,,,8.0,1.0,1.0,1.0,11,Mar-22
Japan,ZAMA,ROAD HOUSE,22.0,1127.0,Marine Corps,7.0,,,,,,,7.0,1.0,1.0,1.0,10,Mar-22
Japan,ZAMA,SANNO HOTEL,22.0,2664.0,Navy,12.0,6.0,4.0,2.0,8.0,,,32.0,1.0,1.0,2.0,36,Mar-22
Japan,ZAMA,CORNER POCKET,22.0,3078.0,Navy,10.0,,2.0,2.0,3.0,,,17.0,1.0,1.0,1.0,20,Mar-22
Japan,ZAMA,CLUB TRILOGY,22.0,3079.0,Navy,10.0,6.0,2.0,2.0,8.0,,,28.0,1.0,1.0,2.0,32,Mar-22
Japan,ZAMA,ZAMA G/C,22.0,3165.0,Army,4.0,4.0,3.0,1.0,3.0,,,15.0,1.0,1.0,1.0,18,Mar-22
Japan,ZAMA,Subtotal,,,,61.0,21.0,16.0,13.0,30.0,3.0,,144.0,8.0,8.0,10.0,170,Mar-22
Japan,OKINAWA,HAVANA'S,26.0,967.0,Army,2.0,,1.0,2.0,,1.0,,6.0,1.0,1.0,1.0,9,Mar-22
Japan,OKINAWA,HASHMARKS,26.0,1105.0,Marine Corps,6.0,,6.0,4.0,4.0,,,20.0,1.0,1.0,2.0,24,Mar-22
Japan,OKINAWA,COURTNEY B/C,26.0,1107.0,Marine Corps,3.0,,6.0,2.0,2.0,2.0,,15.0,1.0,1.0,2.0,19,Mar-22
Japan,OKINAWA,TAIYO G/C,26.0,1109.0,Marine Corps,21.0,9.0,10.0,,11.0,2.0,,53.0,1.0,2.0,2.0,58,Mar-22
Japan,OKINAWA,BUTLER B/C,26.0,1111.0,Marine Corps,4.0,7.0,2.0,1.0,10.0,2.0,,26.0,1.0,1.0,2.0,30,Mar-22
Japan,OKINAWA,OCEAN BREEZE,26.0,1114.0,Marine Corps,16.0,18.0,15.0,,26.0,3.0,,78.0,1.0,3.0,2.0,84,Mar-22
Japan,OKINAWA,SURFSIDE,26.0,1122.0,Marine Corps,6.0,,4.0,,6.0,2.0,,18.0,1.0,1.0,2.0,22,Mar-22
Japan,OKINAWA,PALMS,26.0,2238.0,Marine Corps,16.0,8.0,6.0,4.0,11.0,2.0,,47.0,1.0,2.0,2.0,52,Mar-22
Japan,OKINAWA,WEST PAC LODGE,26.0,2317.0,Marine Corps,6.0,,4.0,4.0,2.0,,,16.0,1.0,1.0,1.0,19,Mar-22
Japan,OKINAWA,BEACH HEAD,26.0,2394.0,Marine Corps,5.0,,1.0,2.0,,,3.0,11.0,1.0,1.0,2.0,15,Mar-22
Japan,OKINAWA,CROW'S NEST,26.0,2523.0,Navy,6.0,4.0,2.0,2.0,6.0,,,20.0,1.0,1.0,2.0,24,Mar-22
Japan,OKINAWA,PORT CALL,26.0,2525.0,Navy,2.0,,2.0,2.0,,3.0,,9.0,1.0,1.0,2.0,13,Mar-22
Japan,OKINAWA,WHISPERS,26.0,3159.0,Marine Corps,4.0,4.0,2.0,,,,,10.0,,1.0,1.0,12,Mar-22
Japan,OKINAWA,HANSEN TLF,26.0,3169.0,Marine Corps,2.0,,4.0,2.0,2.0,2.0,,12.0,1.0,1.0,1.0,15,Mar-22
Japan,OKINAWA,Subtotal,,,,99.0,50.0,65.0,25.0,80.0,19.0,3.0,341.0,13.0,18.0,24.0,396,Mar-22
Japan,IWAKUNI,TORII PINES TLF,27.0,3164.0,Marine Corps,8.0,4.0,6.0,2.0,5.0,,,25.0,1.0,1.0,2.0,29,Mar-22
Japan,IWAKUNI,IWAKUNI CLUB,27.0,1137.0,Marine Corps,20.0,4.0,4.0,2.0,9.0,4.0,,43.0,1.0,2.0,2.0,48,Mar-22
Japan,IWAKUNI,Subtotal,,,,28.0,8.0,10.0,4.0,14.0,4.0,,68.0,2.0,3.0,4.0,77,Mar-22
Japan,SINGAPORE,TERROR CLUB,17.0,3156.0,Navy,15.0,,,,,,,15.0,1.0,1.0,2.0,19,Mar-22
Japan,SINGAPORE,Subtotal,,,,15.0,,,,,,,15.0,1.0,1.0,2.0,19,Mar-22
Korea,SEOUL,DRAGON HILL,20.0,770.0,Army,35.0,,5.0,4.0,27.0,3.0,,74.0,1.0,2.0,3.0,80,Mar-22
Korea,SEOUL,K-16 C/C,20.0,776.0,Army,10.0,,2.0,,,,,12.0,1.0,1.0,2.0,16,Mar-22
Korea,SEOUL,Subtotal,,,,45.0,,7.0,4.0,27.0,3.0,,86.0,2.0,3.0,5.0,96,Mar-22
Korea,DAEGU,STATE'S GRILL,21.0,866.0,Army,6.0,,2.0,,,2.0,,10.0,1.0,1.0,2.0,14,Mar-22
Korea,DAEGU,HILLTOP,21.0,867.0,Army,9.0,10.0,2.0,,8.0,,,29.0,1.0,1.0,2.0,33,Mar-22
Korea,DAEGU,PERIMETER PUB,21.0,869.0,Army,13.0,4.0,6.0,,,3.0,,26.0,1.0,1.0,2.0,30,Mar-22
Korea,DAEGU,WINDY CITY,21.0,870.0,Army,11.0,,5.0,3.0,3.0,,,22.0,1.0,1.0,2.0,26,Mar-22
Korea,DAEGU,EL GUERRERO,21.0,891.0,Army,16.0,,6.0,,3.0,2.0,,27.0,1.0,1.0,2.0,31,Mar-22
Korea,DAEGU,TURTLE COVE,21.0,2521.0,Navy,6.0,,,5.0,,,,11.0,1.0,1.0,2.0,15,Mar-22
Korea,DAEGU,Subtotal,,,,61.0,14.0,21.0,8.0,14.0,7.0,,125.0,6.0,6.0,12.0,149,Mar-22
Korea,UIJEONGBU,IMPACT ZONE,23.0,797.0,Army,9.0,5.0,2.0,,6.0,2.0,,24.0,,2.0,,26,Mar-22
Korea,UIJEONGBU,WARRIOR'S,23.0,798.0,Army,10.0,,2.0,2.0,,,,14.0,1.0,1.0,1.0,17,Mar-22
Korea,UIJEONGBU,CASEY B/C,23.0,819.0,Army,12.0,4.0,2.0,,4.0,2.0,,24.0,1.0,1.0,1.0,27,Mar-22
Korea,UIJEONGBU,CASEY LODGE,23.0,1940.0,Army,6.0,,1.0,2.0,2.0,,,11.0,1.0,1.0,1.0,14,Mar-22
Korea,UIJEONGBU,Subtotal,,,,37.0,9.0,7.0,4.0,12.0,4.0,,73.0,3.0,5.0,3.0,84,Mar-22
Korea,PYONGTAEK,FLIGHTLINE,24.0,3166.0,Army,8.0,,,,2.0,,,10.0,1.0,1.0,1.0,13,Mar-22
Korea,PYONGTAEK,CAVE,24.0,3168.0,Army,22.0,6.0,5.0,,8.0,,,41.0,1.0,2.0,2.0,46,Mar-22
Korea,PYONGTAEK,HUMPHREYS B/C,24.0,839.0,Army,6.0,4.0,4.0,,,,,14.0,1.0,1.0,2.0,18,Mar-22
Korea,PYONGTAEK,MORNING CALM,24.0,3158.0,Army,15.0,15.0,6.0,,29.0,3.0,,68.0,1.0,2.0,2.0,73,Mar-22
Korea,PYONGTAEK,Subtotal,,,,51.0,25.0,15.0,,39.0,3.0,,133.0,4.0,6.0,7.0,150,Mar-22
,,ARMP Total,,,,724.0,226.0,297.0,110.0,453.0,108.0,9.0,1927.0,80.0,107.0,138.0,2252,Mar-22
Europe,KAISERSLAUTERN,ARMSTRONG'S,2.0,194.0,Army,15.0,4.0,9.0,,12.0,4.0,,44.0,1.0,2.0,2.0,49,Apr-22
Europe,KAISERSLAUTERN,LCCC,2.0,195.0,Army,10.0,3.0,5.0,,10.0,2.0,,30.0,1.0,2.0,2.0,35,Apr-22
Europe,KAISERSLAUTERN,KAZABRA,2.0,196.0,Army,6.0,,4.0,,,2.0,,12.0,1.0,1.0,2.0,16,Apr-22
Europe,KAISERSLAUTERN,STRIKERS,2.0,218.0,Army,9.0,4.0,7.0,2.0,8.0,3.0,,33.0,1.0,2.0,2.0,38,Apr-22
Europe,KAISERSLAUTERN,GOLD MINE,2.0,1038.0,Army,9.0,4.0,3.0,3.0,3.0,,,22.0,1.0,2.0,2.0,27,Apr-22
Europe,KAISERSLAUTERN,ROB JAVA CAFE,2.0,2887.0,Army,6.0,,3.0,1.0,1.0,1.0,,12.0,1.0,1.0,1.0,15,Apr-22
Europe,KAISERSLAUTERN,SEMBACH C/C,2.0,3072.0,Army,7.0,,2.0,,7.0,3.0,,19.0,1.0,2.0,2.0,24,Apr-22
Europe,KAISERSLAUTERN,EDO_CARD_LAB,2.0,3170.0,Army,,,,,,,,0.0,,,,0,Apr-22
Europe,KAISERSLAUTERN,Subtotal,,,,62.0,15.0,33.0,6.0,41.0,15.0,,172.0,7.0,12.0,13.0,204,Apr-22
Europe,VICENZA,LIVORNO C/C,4.0,330.0,Army,3.0,3.0,,4.0,3.0,,3.0,16.0,1.0,2.0,2.0,21,Apr-22
Europe,VICENZA,ARENA B/C,4.0,2895.0,Army,13.0,5.0,6.0,3.0,10.0,4.0,,41.0,1.0,2.0,2.0,46,Apr-22
Europe,VICENZA,DEL DIN C/C,4.0,3132.0,Army,3.0,,5.0,1.0,7.0,,,16.0,1.0,1.0,1.0,19,Apr-22
Europe,VICENZA,Subtotal,,,,19.0,8.0,11.0,8.0,20.0,4.0,3.0,73.0,3.0,5.0,5.0,86,Apr-22
Europe,GARMISCH,EDELWEISS,10.0,2489.0,Army,4.0,4.0,4.0,,8.0,,3.0,23.0,1.0,2.0,2.0,28,Apr-22
Europe,GARMISCH,Subtotal,,,,4.0,4.0,4.0,,8.0,,3.0,23.0,1.0,2.0,2.0,28,Apr-22
Europe,ANSBACH,ACTION LANES,31.0,437.0,Army,6.0,,2.0,2.0,8.0,2.0,,20.0,1.0,1.0,2.0,24,Apr-22
Europe,ANSBACH,STORCK BRK B/C,31.0,438.0,Army,6.0,,3.0,1.0,4.0,2.0,,16.0,1.0,1.0,2.0,20,Apr-22
Europe,ANSBACH,Subtotal,,,,12.0,,5.0,3.0,12.0,4.0,,36.0,2.0,2.0,4.0,44,Apr-22
Europe,SOUDA BAY,THE ANCHOR,39.0,2618.0,Navy,16.0,2.0,,,2.0,,,20.0,1.0,2.0,2.0,25,Apr-22
Europe,SOUDA BAY,Subtotal,,,,16.0,2.0,,,2.0,,,20.0,1.0,2.0,2.0,25,Apr-22
Europe,SIGONELLA,SIG B/C,40.0,2595.0,Navy,7.0,2.0,5.0,3.0,4.0,,,21.0,1.0,1.0,1.0,24,Apr-22
Europe,SIGONELLA,JOX SPORTS BAR,40.0,2597.0,Navy,10.0,2.0,2.0,2.0,3.0,,,19.0,1.0,2.0,2.0,24,Apr-22
Europe,SIGONELLA,Subtotal,,,,17.0,4.0,7.0,5.0,7.0,,,40.0,2.0,3.0,3.0,48,Apr-22
Europe,NAPLES,CAPO OLDE TOWN,42.0,2588.0,Navy,9.0,,6.0,1.0,4.0,2.0,,22.0,1.0,1.0,2.0,26,Apr-22
Europe,NAPLES,NAPLES B/C,42.0,2591.0,Navy,5.0,1.0,3.0,2.0,9.0,5.0,,25.0,1.0,1.0,2.0,29,Apr-22
Europe,NAPLES,Subtotal,,,,14.0,1.0,9.0,3.0,13.0,7.0,,47.0,2.0,2.0,4.0,55,Apr-22
Europe,ROTA,LA PLAZA,43.0,2600.0,Navy,13.0,4.0,2.0,,6.0,4.0,,29.0,1.0,1.0,2.0,33,Apr-22
Europe,ROTA,PINZ,43.0,2601.0,Navy,3.0,,3.0,1.0,5.0,1.0,,13.0,1.0,1.0,1.0,16,Apr-22
Europe,ROTA,ROTA FLEET CTR,43.0,2605.0,Navy,2.0,,2.0,1.0,,,,5.0,1.0,1.0,1.0,8,Apr-22
Europe,ROTA,NGIS ROTA,43.0,2890.0,Navy,4.0,,3.0,,2.0,1.0,,10.0,1.0,1.0,1.0,13,Apr-22
Europe,ROTA,Subtotal,,,,22.0,4.0,10.0,2.0,13.0,6.0,,57.0,4.0,4.0,5.0,70,Apr-22
Europe,STUTTGART,PATCH C/C,45.0,256.0,Army,15.0,3.0,8.0,3.0,14.0,5.0,,48.0,1.0,2.0,2.0,53,Apr-22
Europe,STUTTGART,KELLY C/C,45.0,280.0,Army,10.0,,3.0,1.0,4.0,1.0,,19.0,1.0,1.0,1.0,22,Apr-22
Europe,STUTTGART,GALAXY B/C,45.0,298.0,Army,6.0,2.0,3.0,1.0,7.0,2.0,,21.0,1.0,1.0,1.0,24,Apr-22
Europe,STUTTGART,Subtotal,,,,31.0,5.0,14.0,5.0,25.0,8.0,,88.0,3.0,4.0,4.0,99,Apr-22
Europe,VILSECK,GRAF E/C,46.0,413.0,Army,15.0,4.0,5.0,4.0,6.0,2.0,,36.0,1.0,2.0,2.0,41,Apr-22
Europe,VILSECK,HOHENFELS B/C,46.0,415.0,Army,4.0,4.0,6.0,,6.0,,,20.0,1.0,2.0,2.0,25,Apr-22
Europe,VILSECK,VILSECK B/C,46.0,417.0,Army,7.0,,,2.0,4.0,,,13.0,1.0,1.0,1.0,16,Apr-22
Europe,VILSECK,LANGENBRUCK,46.0,1858.0,Army,13.0,4.0,4.0,,15.0,,,36.0,1.0,2.0,2.0,41,Apr-22
Europe,VILSECK,ALGIER R/C,46.0,3145.0,Army,,,,,,,,0.0,,,,0,Apr-22
Europe,VILSECK,Subtotal,,,,39.0,12.0,15.0,6.0,31.0,2.0,,105.0,4.0,7.0,7.0,123,Apr-22
Europe,WIESBADEN,THE VAULT,47.0,1669.0,Army,10.0,4.0,4.0,,11.0,2.0,,31.0,1.0,2.0,2.0,36,Apr-22
Europe,WIESBADEN,LIBERTY GAMES,47.0,1881.0,Army,7.0,,7.0,,5.0,1.0,,20.0,1.0,1.0,1.0,23,Apr-22
Europe,WIESBADEN,WIESBADEN E/C,47.0,2976.0,Army,9.0,4.0,4.0,1.0,6.0,2.0,,26.0,,1.0,,27,Apr-22
Europe,WIESBADEN,ACE'S GAME RM,47.0,3108.0,Army,6.0,1.0,2.0,,,1.0,,10.0,1.0,1.0,1.0,13,Apr-22
Europe,WIESBADEN,Subtotal,,,,32.0,9.0,17.0,1.0,22.0,6.0,,87.0,3.0,5.0,4.0,99,Apr-22
Japan,YOKOSUKA,YOKOSUKA B/C,18.0,3146.0,Navy,8.0,4.0,3.0,,6.0,1.0,,22.0,1.0,1.0,2.0,26,Apr-22
Japan,YOKOSUKA,CLUB ALLIANCE,18.0,3147.0,Navy,7.0,5.0,2.0,1.0,12.0,2.0,,29.0,1.0,1.0,2.0,33,Apr-22
Japan,YOKOSUKA,CPO CLUB,18.0,3148.0,Navy,7.0,,3.0,,1.0,1.0,,12.0,1.0,1.0,2.0,16,Apr-22
Japan,YOKOSUKA,TAKEMIYA CLUB,18.0,3149.0,Navy,4.0,,,1.0,,1.0,,6.0,1.0,1.0,2.0,10,Apr-22
Japan,YOKOSUKA,OFFICERS CLUB,18.0,3150.0,Navy,6.0,,2.0,2.0,1.0,2.0,,13.0,1.0,1.0,2.0,17,Apr-22
Japan,YOKOSUKA,SEASIDE CLUB,18.0,3151.0,Navy,4.0,8.0,4.0,2.0,13.0,1.0,,32.0,1.0,1.0,2.0,36,Apr-22
Japan,YOKOSUKA,Subtotal,,,,36.0,17.0,14.0,6.0,33.0,8.0,,114.0,6.0,6.0,12.0,138,Apr-22
Japan,SASEBO,HARBOR VIEW,19.0,3096.0,Navy,8.0,6.0,3.0,4.0,5.0,1.0,,27.0,1.0,1.0,2.0,31,Apr-22
Japan,SASEBO,HARIO,19.0,3097.0,Navy,3.0,6.0,2.0,3.0,,1.0,,15.0,1.0,1.0,2.0,19,Apr-22
Japan,SASEBO,GALAXIES,19.0,3098.0,Navy,7.0,6.0,8.0,,5.0,3.0,,29.0,1.0,1.0,2.0,33,Apr-22
Japan,SASEBO,Subtotal,,,,18.0,18.0,13.0,7.0,10.0,5.0,,71.0,3.0,3.0,6.0,83,Apr-22
Japan,ZAMA,ZAMA C/C,22.0,883.0,Army,8.0,5.0,4.0,2.0,8.0,3.0,,30.0,1.0,1.0,1.0,33,Apr-22
Japan,ZAMA,SHA CLUB,22.0,885.0,Army,5.0,2.0,2.0,2.0,,,,11.0,1.0,1.0,1.0,14,Apr-22
Japan,ZAMA,ZAMA B/C,22.0,886.0,Army,5.0,,1.0,2.0,,,,8.0,1.0,1.0,1.0,11,Apr-22
Japan,ZAMA,ROAD HOUSE,22.0,1127.0,Marine Corps,7.0,,,,,,,7.0,1.0,1.0,1.0,10,Apr-22
Japan,ZAMA,SANNO HOTEL,22.0,2664.0,Navy,12.0,6.0,4.0,2.0,8.0,,,32.0,1.0,1.0,2.0,36,Apr-22
Japan,ZAMA,CORNER POCKET,22.0,3078.0,Navy,10.0,,2.0,2.0,3.0,,,17.0,1.0,1.0,1.0,20,Apr-22
Japan,ZAMA,CLUB TRILOGY,22.0,3079.0,Navy,10.0,6.0,2.0,2.0,8.0,,,28.0,1.0,1.0,2.0,32,Apr-22
Japan,ZAMA,ZAMA G/C,22.0,3165.0,Army,4.0,4.0,3.0,1.0,3.0,,,15.0,1.0,1.0,1.0,18,Apr-22
Japan,ZAMA,Subtotal,,,,61.0,23.0,18.0,13.0,30.0,3.0,,148.0,8.0,8.0,10.0,174,Apr-22
Japan,OKINAWA,HAVANA'S,26.0,967.0,Army,2.0,,1.0,2.0,,1.0,,6.0,1.0,1.0,1.0,9,Apr-22
Japan,OKINAWA,HASHMARKS,26.0,1105.0,Marine Corps,6.0,,6.0,4.0,4.0,,,20.0,1.0,1.0,2.0,24,Apr-22
Japan,OKINAWA,COURTNEY B/C,26.0,1107.0,Marine Corps,3.0,,6.0,2.0,2.0,2.0,,15.0,1.0,1.0,2.0,19,Apr-22
Japan,OKINAWA,TAIYO G/C,26.0,1109.0,Marine Corps,21.0,9.0,10.0,,11.0,2.0,,53.0,1.0,2.0,2.0,58,Apr-22
Japan,OKINAWA,BUTLER B/C,26.0,1111.0,Marine Corps,4.0,7.0,2.0,1.0,10.0,2.0,,26.0,1.0,1.0,2.0,30,Apr-22
Japan,OKINAWA,OCEAN BREEZE,26.0,1114.0,Marine Corps,16.0,18.0,15.0,,26.0,3.0,,78.0,1.0,3.0,2.0,84,Apr-22
Japan,OKINAWA,SURFSIDE,26.0,1122.0,Marine Corps,6.0,,4.0,,6.0,2.0,,18.0,1.0,1.0,2.0,22,Apr-22
Japan,OKINAWA,PALMS,26.0,2238.0,Marine Corps,16.0,8.0,6.0,4.0,11.0,2.0,,47.0,1.0,2.0,2.0,52,Apr-22
Japan,OKINAWA,WEST PAC LODGE,26.0,2317.0,Marine Corps,6.0,,4.0,4.0,2.0,,,16.0,1.0,1.0,1.0,19,Apr-22
Japan,OKINAWA,BEACH HEAD,26.0,2394.0,Marine Corps,5.0,,1.0,2.0,,,3.0,11.0,1.0,1.0,2.0,15,Apr-22
Japan,OKINAWA,CROW'S NEST,26.0,2523.0,Navy,6.0,4.0,2.0,2.0,6.0,,,20.0,1.0,1.0,2.0,24,Apr-22
Japan,OKINAWA,PORT CALL,26.0,2525.0,Navy,2.0,,2.0,2.0,,3.0,,9.0,1.0,1.0,2.0,13,Apr-22
Japan,OKINAWA,WHISPERS,26.0,3159.0,Marine Corps,4.0,4.0,2.0,,,,,10.0,,1.0,1.0,12,Apr-22
Japan,OKINAWA,HANSEN TLF,26.0,3169.0,Marine Corps,2.0,,4.0,2.0,2.0,2.0,,12.0,1.0,1.0,1.0,15,Apr-22
Japan,OKINAWA,Subtotal,,,,99.0,50.0,65.0,25.0,80.0,19.0,3.0,341.0,13.0,18.0,24.0,396,Apr-22
Japan,IWAKUNI,TORII PINES TLF,27.0,3164.0,Marine Corps,8.0,4.0,6.0,2.0,5.0,,,25.0,1.0,1.0,2.0,29,Apr-22
Japan,IWAKUNI,IWAKUNI CLUB,27.0,1137.0,Marine Corps,20.0,4.0,4.0,2.0,9.0,4.0,,43.0,1.0,2.0,2.0,48,Apr-22
Japan,IWAKUNI,Subtotal,,,,28.0,8.0,10.0,4.0,14.0,4.0,,68.0,2.0,3.0,4.0,77,Apr-22
Japan,SINGAPORE,TERROR CLUB,17.0,3156.0,Navy,15.0,,,,,,,15.0,1.0,1.0,2.0,19,Apr-22
Japan,SINGAPORE,Subtotal,,,,15.0,,,,,,,15.0,1.0,1.0,2.0,19,Apr-22
Korea,SEOUL,DRAGON HILL,20.0,770.0,Army,35.0,,5.0,4.0,27.0,3.0,,74.0,1.0,2.0,3.0,80,Apr-22
Korea,SEOUL,K-16 C/C,20.0,776.0,Army,10.0,,2.0,,,,,12.0,1.0,1.0,2.0,16,Apr-22
Korea,SEOUL,Subtotal,,,,45.0,,7.0,4.0,27.0,3.0,,86.0,2.0,3.0,5.0,96,Apr-22
Korea,DAEGU,STATE'S GRILL,21.0,866.0,Army,6.0,,2.0,,,2.0,,10.0,1.0,1.0,2.0,14,Apr-22
Korea,DAEGU,HILLTOP,21.0,867.0,Army,9.0,10.0,2.0,,8.0,,,29.0,1.0,1.0,2.0,33,Apr-22
Korea,DAEGU,PERIMETER PUB,21.0,869.0,Army,13.0,4.0,6.0,,,3.0,,26.0,1.0,1.0,2.0,30,Apr-22
Korea,DAEGU,WINDY CITY,21.0,870.0,Army,11.0,,5.0,3.0,3.0,,,22.0,1.0,1.0,2.0,26,Apr-22
Korea,DAEGU,EL GUERRERO,21.0,891.0,Army,16.0,,6.0,,3.0,2.0,,27.0,1.0,1.0,2.0,31,Apr-22
Korea,DAEGU,TURTLE COVE,21.0,2521.0,Navy,6.0,,,5.0,,,,11.0,1.0,1.0,2.0,15,Apr-22
Korea,DAEGU,Subtotal,,,,61.0,14.0,21.0,8.0,14.0,7.0,,125.0,6.0,6.0,12.0,149,Apr-22
Korea,UIJEONGBU,IMPACT ZONE,23.0,797.0,Army,9.0,5.0,2.0,,6.0,2.0,,24.0,,2.0,,26,Apr-22
Korea,UIJEONGBU,WARRIOR'S,23.0,798.0,Army,10.0,,2.0,2.0,,,,14.0,1.0,1.0,1.0,17,Apr-22
Korea,UIJEONGBU,CASEY B/C,23.0,819.0,Army,12.0,4.0,2.0,,4.0,2.0,,24.0,1.0,1.0,1.0,27,Apr-22
Korea,UIJEONGBU,CASEY LODGE,23.0,1940.0,Army,6.0,,1.0,2.0,2.0,,,11.0,1.0,1.0,1.0,14,Apr-22
Korea,UIJEONGBU,Subtotal,,,,37.0,9.0,7.0,4.0,12.0,4.0,,73.0,3.0,5.0,3.0,84,Apr-22
Korea,PYONGTAEK,FLIGHTLINE,24.0,3166.0,Army,8.0,,,,2.0,,,10.0,1.0,1.0,1.0,13,Apr-22
Korea,PYONGTAEK,CAVE,24.0,3168.0,Army,22.0,6.0,5.0,,8.0,,,41.0,1.0,2.0,2.0,46,Apr-22
Korea,PYONGTAEK,HUMPHREYS B/C,24.0,839.0,Army,6.0,4.0,4.0,,,,,14.0,1.0,1.0,2.0,18,Apr-22
Korea,PYONGTAEK,MORNING CALM,24.0,3158.0,Army,15.0,15.0,6.0,,29.0,3.0,,68.0,1.0,2.0,2.0,73,Apr-22
Korea,PYONGTAEK,Subtotal,,,,51.0,25.0,15.0,,39.0,3.0,,133.0,4.0,6.0,7.0,150,Apr-22
,,ARMP Total,,,,719.0,228.0,295.0,110.0,453.0,108.0,9.0,1922.0,80.0,107.0,138.0,2247,Apr-22
Europe,KAISERSLAUTERN,ARMSTRONG'S,2.0,194.0,Army,15.0,4.0,10.0,,12.0,4.0,,45.0,1.0,2.0,2.0,50,Jun-22
Europe,KAISERSLAUTERN,LCCC,2.0,195.0,Army,10.0,3.0,5.0,,10.0,2.0,,30.0,1.0,2.0,2.0,35,Jun-22
Europe,KAISERSLAUTERN,KAZABRA,2.0,196.0,Army,6.0,,4.0,,,2.0,,12.0,1.0,1.0,2.0,16,Jun-22
Europe,KAISERSLAUTERN,STRIKERS,2.0,218.0,Army,9.0,4.0,7.0,2.0,8.0,3.0,,33.0,1.0,2.0,2.0,38,Jun-22
Europe,KAISERSLAUTERN,GOLD MINE,2.0,1038.0,Army,9.0,4.0,3.0,3.0,3.0,,,22.0,1.0,2.0,2.0,27,Jun-22
Europe,KAISERSLAUTERN,ROB JAVA CAFE,2.0,2887.0,Army,6.0,,3.0,1.0,1.0,1.0,,12.0,1.0,1.0,1.0,15,Jun-22
Europe,KAISERSLAUTERN,SEMBACH C/C,2.0,3072.0,Army,7.0,,2.0,,7.0,3.0,,19.0,1.0,2.0,2.0,24,Jun-22
Europe,KAISERSLAUTERN,EDO_CARD_LAB,2.0,3170.0,Army,,,,,,,,0.0,,,,0,Jun-22
Europe,KAISERSLAUTERN,Subtotal,,,,62.0,15.0,34.0,6.0,41.0,15.0,,173.0,7.0,12.0,13.0,205,Jun-22
Europe,VICENZA,LIVORNO C/C,4.0,330.0,Army,3.0,3.0,,4.0,3.0,,3.0,16.0,1.0,2.0,2.0,21,Jun-22
Europe,VICENZA,ARENA B/C,4.0,2895.0,Army,13.0,5.0,6.0,3.0,10.0,4.0,,41.0,1.0,2.0,2.0,46,Jun-22
Europe,VICENZA,DEL DIN C/C,4.0,3132.0,Army,3.0,,5.0,1.0,7.0,,,16.0,1.0,1.0,1.0,19,Jun-22
Europe,VICENZA,Subtotal,,,,19.0,8.0,11.0,8.0,20.0,4.0,3.0,73.0,3.0,5.0,5.0,86,Jun-22
Europe,GARMISCH,EDELWEISS,10.0,2489.0,Army,4.0,4.0,4.0,,8.0,,3.0,23.0,1.0,2.0,2.0,28,Jun-22
Europe,GARMISCH,Subtotal,,,,4.0,4.0,4.0,,8.0,,3.0,23.0,1.0,2.0,2.0,28,Jun-22
Europe,ANSBACH,ACTION LANES,31.0,437.0,Army,6.0,,2.0,2.0,8.0,2.0,,20.0,1.0,1.0,2.0,24,Jun-22
Europe,ANSBACH,STORCK BRK B/C,31.0,438.0,Army,6.0,,3.0,1.0,4.0,2.0,,16.0,1.0,1.0,2.0,20,Jun-22
Europe,ANSBACH,Subtotal,,,,12.0,,5.0,3.0,12.0,4.0,,36.0,2.0,2.0,4.0,44,Jun-22
Europe,SOUDA BAY,THE ANCHOR,39.0,2618.0,Navy,16.0,2.0,,,2.0,,,20.0,1.0,2.0,2.0,25,Jun-22
Europe,SOUDA BAY,Subtotal,,,,16.0,2.0,,,2.0,,,20.0,1.0,2.0,2.0,25,Jun-22
Europe,SIGONELLA,SIG B/C,40.0,2595.0,Navy,7.0,2.0,5.0,3.0,4.0,,,21.0,1.0,1.0,1.0,24,Jun-22
Europe,SIGONELLA,JOX SPORTS BAR,40.0,2597.0,Navy,10.0,2.0,2.0,2.0,3.0,,,19.0,1.0,2.0,2.0,24,Jun-22
Europe,SIGONELLA,Subtotal,,,,17.0,4.0,7.0,5.0,7.0,,,40.0,2.0,3.0,3.0,48,Jun-22
Europe,NAPLES,CAPO OLDE TOWN,42.0,2588.0,Navy,9.0,,6.0,1.0,4.0,2.0,,22.0,1.0,1.0,2.0,26,Jun-22
Europe,NAPLES,NAPLES B/C,42.0,2591.0,Navy,5.0,1.0,3.0,2.0,9.0,5.0,,25.0,1.0,1.0,2.0,29,Jun-22
Europe,NAPLES,Subtotal,,,,14.0,1.0,9.0,3.0,13.0,7.0,,47.0,2.0,2.0,4.0,55,Jun-22
Europe,ROTA,LA PLAZA,43.0,2600.0,Navy,13.0,4.0,2.0,,6.0,4.0,,29.0,1.0,1.0,2.0,33,Jun-22
Europe,ROTA,PINZ,43.0,2601.0,Navy,3.0,,3.0,1.0,5.0,1.0,,13.0,1.0,1.0,1.0,16,Jun-22
Europe,ROTA,ROTA FLEET CTR,43.0,2605.0,Navy,2.0,,2.0,1.0,,,,5.0,1.0,1.0,1.0,8,Jun-22
Europe,ROTA,NGIS ROTA,43.0,2890.0,Navy,4.0,,3.0,,2.0,1.0,,10.0,1.0,1.0,1.0,13,Jun-22
Europe,ROTA,Subtotal,,,,22.0,4.0,10.0,2.0,13.0,6.0,,57.0,4.0,4.0,5.0,70,Jun-22
Europe,STUTTGART,PATCH C/C,45.0,256.0,Army,15.0,3.0,8.0,3.0,14.0,5.0,,48.0,1.0,2.0,2.0,53,Jun-22
Europe,STUTTGART,KELLY C/C,45.0,280.0,Army,10.0,,3.0,1.0,4.0,1.0,,19.0,1.0,1.0,1.0,22,Jun-22
Europe,STUTTGART,GALAXY B/C,45.0,298.0,Army,6.0,2.0,3.0,1.0,7.0,2.0,,21.0,1.0,1.0,1.0,24,Jun-22
Europe,STUTTGART,Subtotal,,,,31.0,5.0,14.0,5.0,25.0,8.0,,88.0,3.0,4.0,4.0,99,Jun-22
Europe,VILSECK,GRAF E/C,46.0,413.0,Army,15.0,4.0,5.0,4.0,6.0,2.0,,36.0,1.0,2.0,2.0,41,Jun-22
Europe,VILSECK,HOHENFELS B/C,46.0,415.0,Army,4.0,4.0,6.0,,6.0,,,20.0,1.0,2.0,2.0,25,Jun-22
Europe,VILSECK,VILSECK B/C,46.0,417.0,Army,7.0,,,2.0,4.0,,,13.0,1.0,1.0,1.0,16,Jun-22
Europe,VILSECK,LANGENBRUCK,46.0,1858.0,Army,13.0,4.0,4.0,,15.0,,,36.0,1.0,2.0,2.0,41,Jun-22
Europe,VILSECK,ALGIER R/C,46.0,3145.0,Army,,,,,,,,0.0,,,,0,Jun-22
Europe,VILSECK,Subtotal,,,,39.0,12.0,15.0,6.0,31.0,2.0,,105.0,4.0,7.0,7.0,123,Jun-22
Europe,WIESBADEN,THE VAULT,47.0,1669.0,Army,10.0,4.0,4.0,,11.0,2.0,,31.0,1.0,2.0,2.0,36,Jun-22
Europe,WIESBADEN,LIBERTY GAMES,47.0,1881.0,Army,7.0,,7.0,,5.0,1.0,,20.0,1.0,1.0,1.0,23,Jun-22
Europe,WIESBADEN,WIESBADEN E/C,47.0,2976.0,Army,9.0,4.0,4.0,1.0,6.0,2.0,,26.0,,1.0,,27,Jun-22
Europe,WIESBADEN,ACE'S GAME RM,47.0,3108.0,Army,6.0,1.0,2.0,,,1.0,,10.0,1.0,1.0,1.0,13,Jun-22
Europe,WIESBADEN,Subtotal,,,,32.0,9.0,17.0,1.0,22.0,6.0,,87.0,3.0,5.0,4.0,99,Jun-22
Japan,YOKOSUKA,YOKOSUKA B/C,18.0,3146.0,Navy,8.0,4.0,3.0,,6.0,1.0,,22.0,1.0,1.0,2.0,26,Jun-22
Japan,YOKOSUKA,CLUB ALLIANCE,18.0,3147.0,Navy,7.0,5.0,2.0,1.0,12.0,2.0,,29.0,1.0,1.0,2.0,33,Jun-22
Japan,YOKOSUKA,CPO CLUB,18.0,3148.0,Navy,7.0,,3.0,,1.0,1.0,,12.0,1.0,1.0,2.0,16,Jun-22
Japan,YOKOSUKA,TAKEMIYA CLUB,18.0,3149.0,Navy,4.0,,,1.0,,1.0,,6.0,1.0,1.0,2.0,10,Jun-22
Japan,YOKOSUKA,OFFICERS CLUB,18.0,3150.0,Navy,6.0,,2.0,2.0,1.0,2.0,,13.0,1.0,1.0,2.0,17,Jun-22
Japan,YOKOSUKA,SEASIDE CLUB,18.0,3151.0,Navy,4.0,8.0,4.0,2.0,13.0,1.0,,32.0,1.0,1.0,2.0,36,Jun-22
Japan,YOKOSUKA,Subtotal,,,,36.0,17.0,14.0,6.0,33.0,8.0,,114.0,6.0,6.0,12.0,138,Jun-22
Japan,SASEBO,HARBOR VIEW,19.0,3096.0,Navy,8.0,6.0,3.0,4.0,5.0,1.0,,27.0,1.0,1.0,2.0,31,Jun-22
Japan,SASEBO,HARIO,19.0,3097.0,Navy,3.0,6.0,2.0,3.0,,1.0,,15.0,1.0,1.0,2.0,19,Jun-22
Japan,SASEBO,GALAXIES,19.0,3098.0,Navy,7.0,6.0,8.0,,5.0,3.0,,29.0,1.0,1.0,2.0,33,Jun-22
Japan,SASEBO,Subtotal,,,,18.0,18.0,13.0,7.0,10.0,5.0,,71.0,3.0,3.0,6.0,83,Jun-22
Japan,ZAMA,ZAMA C/C,22.0,883.0,Army,10.0,5.0,4.0,2.0,8.0,3.0,,32.0,1.0,1.0,1.0,35,Jun-22
Japan,ZAMA,SHA CLUB,22.0,885.0,Army,5.0,2.0,2.0,2.0,,,,11.0,1.0,1.0,1.0,14,Jun-22
Japan,ZAMA,ZAMA B/C,22.0,886.0,Army,5.0,,1.0,2.0,,,,8.0,1.0,1.0,1.0,11,Jun-22
Japan,ZAMA,ROAD HOUSE,22.0,1127.0,Marine Corps,7.0,,,,,,,7.0,1.0,1.0,1.0,10,Jun-22
Japan,ZAMA,SANNO HOTEL,22.0,2664.0,Navy,12.0,6.0,4.0,2.0,8.0,,,32.0,1.0,1.0,2.0,36,Jun-22
Japan,ZAMA,CORNER POCKET,22.0,3078.0,Navy,10.0,,2.0,2.0,3.0,,,17.0,1.0,1.0,1.0,20,Jun-22
Japan,ZAMA,CLUB TRILOGY,22.0,3079.0,Navy,8.0,6.0,2.0,2.0,8.0,,,26.0,1.0,1.0,2.0,30,Jun-22
Japan,ZAMA,ZAMA G/C,22.0,3165.0,Army,4.0,4.0,3.0,1.0,3.0,,,15.0,1.0,1.0,1.0,18,Jun-22
Japan,ZAMA,Subtotal,,,,61.0,23.0,18.0,13.0,30.0,3.0,,148.0,8.0,8.0,10.0,174,Jun-22
Japan,OKINAWA,HAVANA'S,26.0,967.0,Army,2.0,,1.0,2.0,,1.0,,6.0,1.0,1.0,1.0,9,Jun-22
Japan,OKINAWA,HASHMARKS,26.0,1105.0,Marine Corps,6.0,,6.0,4.0,4.0,,,20.0,1.0,1.0,2.0,24,Jun-22
Japan,OKINAWA,COURTNEY B/C,26.0,1107.0,Marine Corps,3.0,,6.0,2.0,2.0,2.0,,15.0,1.0,1.0,2.0,19,Jun-22
Japan,OKINAWA,TAIYO G/C,26.0,1109.0,Marine Corps,21.0,9.0,10.0,,11.0,2.0,,53.0,1.0,2.0,2.0,58,Jun-22
Japan,OKINAWA,BUTLER B/C,26.0,1111.0,Marine Corps,4.0,7.0,2.0,1.0,10.0,2.0,,26.0,1.0,1.0,2.0,30,Jun-22
Japan,OKINAWA,OCEAN BREEZE,26.0,1114.0,Marine Corps,16.0,18.0,15.0,,26.0,3.0,,78.0,1.0,3.0,2.0,84,Jun-22
Japan,OKINAWA,SURFSIDE,26.0,1122.0,Marine Corps,6.0,,4.0,,6.0,2.0,,18.0,1.0,1.0,2.0,22,Jun-22
Japan,OKINAWA,PALMS,26.0,2238.0,Marine Corps,16.0,8.0,6.0,4.0,11.0,2.0,,47.0,1.0,2.0,2.0,52,Jun-22
Japan,OKINAWA,WEST PAC LODGE,26.0,2317.0,Marine Corps,6.0,,4.0,4.0,2.0,,,16.0,1.0,1.0,1.0,19,Jun-22
Japan,OKINAWA,BEACH HEAD,26.0,2394.0,Marine Corps,5.0,,1.0,2.0,,,3.0,11.0,1.0,1.0,2.0,15,Jun-22
Japan,OKINAWA,CROW'S NEST,26.0,2523.0,Navy,6.0,4.0,2.0,2.0,6.0,,,20.0,1.0,1.0,2.0,24,Jun-22
Japan,OKINAWA,PORT CALL,26.0,2525.0,Navy,2.0,,2.0,2.0,,3.0,,9.0,1.0,1.0,2.0,13,Jun-22
Japan,OKINAWA,WHISPERS,26.0,3159.0,Marine Corps,4.0,4.0,2.0,,,,,10.0,,1.0,1.0,12,Jun-22
Japan,OKINAWA,HANSEN TLF,26.0,3169.0,Marine Corps,2.0,,4.0,2.0,2.0,2.0,,12.0,1.0,1.0,1.0,15,Jun-22
Japan,OKINAWA,Subtotal,,,,99.0,50.0,65.0,25.0,80.0,19.0,3.0,341.0,13.0,18.0,24.0,396,Jun-22
Japan,IWAKUNI,TORII PINES TLF,27.0,3164.0,Marine Corps,8.0,4.0,6.0,2.0,5.0,,,25.0,1.0,1.0,2.0,29,Jun-22
Japan,IWAKUNI,IWAKUNI CLUB,27.0,1137.0,Marine Corps,20.0,4.0,4.0,2.0,9.0,4.0,,43.0,1.0,2.0,2.0,48,Jun-22
Japan,IWAKUNI,Subtotal,,,,28.0,8.0,10.0,4.0,14.0,4.0,,68.0,2.0,3.0,4.0,77,Jun-22
Japan,SINGAPORE,TERROR CLUB,17.0,3156.0,Navy,15.0,,,,,,,15.0,1.0,1.0,2.0,19,Jun-22
Japan,SINGAPORE,Subtotal,,,,15.0,,,,,,,15.0,1.0,1.0,2.0,19,Jun-22
Korea,SEOUL,DRAGON HILL,20.0,770.0,Army,35.0,,5.0,4.0,27.0,3.0,,74.0,1.0,2.0,3.0,80,Jun-22
Korea,SEOUL,K-16 C/C,20.0,776.0,Army,10.0,,2.0,,,,,12.0,1.0,1.0,2.0,16,Jun-22
Korea,SEOUL,Subtotal,,,,45.0,,7.0,4.0,27.0,3.0,,86.0,2.0,3.0,5.0,96,Jun-22
Korea,DAEGU,STATE'S GRILL,21.0,866.0,Army,6.0,,2.0,,,2.0,,10.0,1.0,1.0,2.0,14,Jun-22
Korea,DAEGU,HILLTOP,21.0,867.0,Army,9.0,10.0,2.0,,8.0,,,29.0,1.0,1.0,2.0,33,Jun-22
Korea,DAEGU,PERIMETER PUB,21.0,869.0,Army,13.0,4.0,6.0,,,3.0,,26.0,1.0,1.0,2.0,30,Jun-22
Korea,DAEGU,WINDY CITY,21.0,870.0,Army,11.0,,5.0,3.0,3.0,,,22.0,1.0,1.0,2.0,26,Jun-22
Korea,DAEGU,EL GUERRERO,21.0,891.0,Army,16.0,,6.0,,3.0,2.0,,27.0,1.0,1.0,2.0,31,Jun-22
Korea,DAEGU,TURTLE COVE,21.0,2521.0,Navy,6.0,,,5.0,,,,11.0,1.0,1.0,2.0,15,Jun-22
Korea,DAEGU,Subtotal,,,,61.0,14.0,21.0,8.0,14.0,7.0,,125.0,6.0,6.0,12.0,149,Jun-22
Korea,UIJEONGBU,IMPACT ZONE,23.0,797.0,Army,9.0,5.0,2.0,,6.0,2.0,,24.0,,2.0,,26,Jun-22
Korea,UIJEONGBU,WARRIOR'S,23.0,798.0,Army,10.0,,2.0,2.0,,,,14.0,1.0,1.0,1.0,17,Jun-22
Korea,UIJEONGBU,CASEY B/C,23.0,819.0,Army,12.0,4.0,2.0,,4.0,2.0,,24.0,1.0,1.0,1.0,27,Jun-22
Korea,UIJEONGBU,CASEY LODGE,23.0,1940.0,Army,6.0,,1.0,2.0,2.0,,,11.0,1.0,1.0,1.0,14,Jun-22
Korea,UIJEONGBU,Subtotal,,,,37.0,9.0,7.0,4.0,12.0,4.0,,73.0,3.0,5.0,3.0,84,Jun-22
Korea,PYONGTAEK,FLIGHTLINE,24.0,3166.0,Army,8.0,,,,2.0,,,10.0,1.0,1.0,1.0,13,Jun-22
Korea,PYONGTAEK,CAVE,24.0,3168.0,Army,22.0,6.0,5.0,,8.0,,,41.0,1.0,2.0,2.0,46,Jun-22
Korea,PYONGTAEK,HUMPHREYS B/C,24.0,839.0,Army,6.0,4.0,4.0,,,,,14.0,1.0,1.0,2.0,18,Jun-22
Korea,PYONGTAEK,MORNING CALM,24.0,3158.0,Army,15.0,15.0,6.0,,29.0,3.0,,68.0,1.0,2.0,2.0,73,Jun-22
Korea,PYONGTAEK,Subtotal,,,,51.0,25.0,15.0,,39.0,3.0,,133.0,4.0,6.0,7.0,150,Jun-22
,,ARMP Total,,,,719.0,228.0,296.0,110.0,453.0,108.0,9.0,1923.0,80.0,107.0,138.0,2248,Jun-22
Europe,KAISERSLAUTERN,ARMSTRONG'S,2.0,194.0,Army,15.0,4.0,10.0,,12.0,4.0,,45.0,1.0,2.0,2.0,50,Jul-22
Europe,KAISERSLAUTERN,LCCC,2.0,195.0,Army,10.0,3.0,5.0,,10.0,2.0,,30.0,1.0,2.0,2.0,35,Jul-22
Europe,KAISERSLAUTERN,KAZABRA,2.0,196.0,Army,6.0,,4.0,,,2.0,,12.0,1.0,1.0,2.0,16,Jul-22
Europe,KAISERSLAUTERN,STRIKERS,2.0,218.0,Army,9.0,4.0,7.0,2.0,8.0,3.0,,33.0,1.0,2.0,2.0,38,Jul-22
Europe,KAISERSLAUTERN,GOLD MINE,2.0,1038.0,Army,9.0,4.0,3.0,3.0,3.0,,,22.0,1.0,2.0,2.0,27,Jul-22
Europe,KAISERSLAUTERN,ROB JAVA CAFE,2.0,2887.0,Army,6.0,,3.0,1.0,1.0,1.0,,12.0,1.0,1.0,1.0,15,Jul-22
Europe,KAISERSLAUTERN,SEMBACH C/C,2.0,3072.0,Army,7.0,,2.0,,7.0,3.0,,19.0,1.0,2.0,2.0,24,Jul-22
Europe,KAISERSLAUTERN,EDO_CARD_LAB,2.0,3170.0,Army,,,,,,,,0.0,,,,0,Jul-22
Europe,KAISERSLAUTERN,Subtotal,,,,62.0,15.0,34.0,6.0,41.0,15.0,,173.0,7.0,12.0,13.0,205,Jul-22
Europe,VICENZA,LIVORNO C/C,4.0,330.0,Army,3.0,3.0,,4.0,3.0,,3.0,16.0,1.0,2.0,2.0,21,Jul-22
Europe,VICENZA,ARENA B/C,4.0,2895.0,Army,13.0,5.0,6.0,3.0,10.0,4.0,,41.0,1.0,2.0,2.0,46,Jul-22
Europe,VICENZA,DEL DIN C/C,4.0,3132.0,Army,3.0,,5.0,1.0,7.0,,,16.0,1.0,1.0,1.0,19,Jul-22
Europe,VICENZA,Subtotal,,,,19.0,8.0,11.0,8.0,20.0,4.0,3.0,73.0,3.0,5.0,5.0,86,Jul-22
Europe,GARMISCH,EDELWEISS,10.0,2489.0,Army,4.0,4.0,4.0,,8.0,,3.0,23.0,1.0,2.0,2.0,28,Jul-22
Europe,GARMISCH,Subtotal,,,,4.0,4.0,4.0,,8.0,,3.0,23.0,1.0,2.0,2.0,28,Jul-22
Europe,ANSBACH,ACTION LANES,31.0,437.0,Army,6.0,,2.0,2.0,8.0,2.0,,20.0,1.0,1.0,2.0,24,Jul-22
Europe,ANSBACH,STORCK BRK B/C,31.0,438.0,Army,6.0,,3.0,1.0,4.0,2.0,,16.0,1.0,1.0,2.0,20,Jul-22
Europe,ANSBACH,Subtotal,,,,12.0,,5.0,3.0,12.0,4.0,,36.0,2.0,2.0,4.0,44,Jul-22
Europe,SOUDA BAY,THE ANCHOR,39.0,2618.0,Navy,16.0,2.0,,,2.0,,,20.0,1.0,2.0,2.0,25,Jul-22
Europe,SOUDA BAY,Subtotal,,,,16.0,2.0,,,2.0,,,20.0,1.0,2.0,2.0,25,Jul-22
Europe,SIGONELLA,SIG B/C,40.0,2595.0,Navy,7.0,2.0,5.0,3.0,4.0,,,21.0,1.0,1.0,1.0,24,Jul-22
Europe,SIGONELLA,JOX SPORTS BAR,40.0,2597.0,Navy,10.0,2.0,2.0,2.0,3.0,,,19.0,1.0,2.0,2.0,24,Jul-22
Europe,SIGONELLA,Subtotal,,,,17.0,4.0,7.0,5.0,7.0,,,40.0,2.0,3.0,3.0,48,Jul-22
Europe,NAPLES,CAPO OLDE TOWN,42.0,2588.0,Navy,9.0,,6.0,1.0,4.0,2.0,,22.0,1.0,1.0,2.0,26,Jul-22
Europe,NAPLES,NAPLES B/C,42.0,2591.0,Navy,5.0,1.0,3.0,2.0,9.0,5.0,,25.0,1.0,1.0,2.0,29,Jul-22
Europe,NAPLES,Subtotal,,,,14.0,1.0,9.0,3.0,13.0,7.0,,47.0,2.0,2.0,4.0,55,Jul-22
Europe,ROTA,LA PLAZA,43.0,2600.0,Navy,13.0,4.0,2.0,,6.0,4.0,,29.0,1.0,1.0,2.0,33,Jul-22
Europe,ROTA,PINZ,43.0,2601.0,Navy,3.0,,3.0,1.0,5.0,1.0,,13.0,1.0,1.0,1.0,16,Jul-22
Europe,ROTA,ROTA FLEET CTR,43.0,2605.0,Navy,2.0,,2.0,1.0,,,,5.0,1.0,1.0,1.0,8,Jul-22
Europe,ROTA,NGIS ROTA,43.0,2890.0,Navy,4.0,,3.0,,2.0,1.0,,10.0,1.0,1.0,1.0,13,Jul-22
Europe,ROTA,Subtotal,,,,22.0,4.0,10.0,2.0,13.0,6.0,,57.0,4.0,4.0,5.0,70,Jul-22
Europe,STUTTGART,PATCH C/C,45.0,256.0,Army,15.0,3.0,8.0,3.0,14.0,5.0,,48.0,1.0,2.0,2.0,53,Jul-22
Europe,STUTTGART,KELLY C/C,45.0,280.0,Army,10.0,,3.0,1.0,4.0,1.0,,19.0,1.0,1.0,1.0,22,Jul-22
Europe,STUTTGART,GALAXY B/C,45.0,298.0,Army,6.0,2.0,3.0,1.0,7.0,2.0,,21.0,1.0,1.0,1.0,24,Jul-22
Europe,STUTTGART,Subtotal,,,,31.0,5.0,14.0,5.0,25.0,8.0,,88.0,3.0,4.0,4.0,99,Jul-22
Europe,VILSECK,GRAF E/C,46.0,413.0,Army,14.0,4.0,5.0,4.0,9.0,2.0,,38.0,1.0,2.0,2.0,43,Jul-22
Europe,VILSECK,HOHENFELS B/C,46.0,415.0,Army,4.0,4.0,6.0,,6.0,,,20.0,1.0,2.0,2.0,25,Jul-22
Europe,VILSECK,VILSECK B/C,46.0,417.0,Army,7.0,,,2.0,4.0,,,13.0,1.0,1.0,1.0,16,Jul-22
Europe,VILSECK,LANGENBRUCK,46.0,1858.0,Army,13.0,4.0,4.0,,12.0,,,33.0,1.0,2.0,2.0,38,Jul-22
Europe,VILSECK,ALGIER R/C,46.0,3145.0,Army,,,,,,,,0.0,,,,0,Jul-22
Europe,VILSECK,Subtotal,,,,38.0,12.0,15.0,6.0,31.0,2.0,,104.0,4.0,7.0,7.0,122,Jul-22
Europe,WIESBADEN,THE VAULT,47.0,1669.0,Army,10.0,4.0,4.0,,11.0,2.0,,31.0,1.0,2.0,2.0,36,Jul-22
Europe,WIESBADEN,LIBERTY GAMES,47.0,1881.0,Army,7.0,,7.0,,5.0,1.0,,20.0,1.0,1.0,1.0,23,Jul-22
Europe,WIESBADEN,WIESBADEN E/C,47.0,2976.0,Army,9.0,4.0,4.0,1.0,6.0,2.0,,26.0,,1.0,,27,Jul-22
Europe,WIESBADEN,ACE'S GAME RM,47.0,3108.0,Army,6.0,1.0,2.0,,,1.0,,10.0,1.0,1.0,1.0,13,Jul-22
Europe,WIESBADEN,Subtotal,,,,32.0,9.0,17.0,1.0,22.0,6.0,,87.0,3.0,5.0,4.0,99,Jul-22
Japan,YOKOSUKA,YOKOSUKA B/C,18.0,3146.0,Navy,8.0,4.0,3.0,,6.0,1.0,,22.0,1.0,1.0,2.0,26,Jul-22
Japan,YOKOSUKA,CLUB ALLIANCE,18.0,3147.0,Navy,7.0,5.0,2.0,1.0,12.0,2.0,,29.0,1.0,1.0,2.0,33,Jul-22
Japan,YOKOSUKA,CPO CLUB,18.0,3148.0,Navy,7.0,,3.0,,1.0,1.0,,12.0,1.0,1.0,2.0,16,Jul-22
Japan,YOKOSUKA,TAKEMIYA CLUB,18.0,3149.0,Navy,4.0,,,1.0,,1.0,,6.0,1.0,1.0,2.0,10,Jul-22
Japan,YOKOSUKA,OFFICERS CLUB,18.0,3150.0,Navy,6.0,,2.0,2.0,1.0,2.0,,13.0,1.0,1.0,2.0,17,Jul-22
Japan,YOKOSUKA,SEASIDE CLUB,18.0,3151.0,Navy,4.0,8.0,4.0,2.0,13.0,1.0,,32.0,1.0,1.0,2.0,36,Jul-22
Japan,YOKOSUKA,Subtotal,,,,36.0,17.0,14.0,6.0,33.0,8.0,,114.0,6.0,6.0,12.0,138,Jul-22
Japan,SASEBO,HARBOR VIEW,19.0,3096.0,Navy,8.0,6.0,3.0,4.0,5.0,1.0,,27.0,1.0,1.0,2.0,31,Jul-22
Japan,SASEBO,HARIO,19.0,3097.0,Navy,3.0,6.0,2.0,3.0,,1.0,,15.0,1.0,1.0,2.0,19,Jul-22
Japan,SASEBO,GALAXIES,19.0,3098.0,Navy,7.0,6.0,8.0,,5.0,3.0,,29.0,1.0,1.0,2.0,33,Jul-22
Japan,SASEBO,Subtotal,,,,18.0,18.0,13.0,7.0,10.0,5.0,,71.0,3.0,3.0,6.0,83,Jul-22
Japan,ZAMA,ZAMA C/C,22.0,883.0,Army,10.0,5.0,4.0,2.0,8.0,3.0,,32.0,1.0,1.0,1.0,35,Jul-22
Japan,ZAMA,SHA CLUB,22.0,885.0,Army,5.0,2.0,2.0,2.0,,,,11.0,1.0,1.0,1.0,14,Jul-22
Japan,ZAMA,ZAMA B/C,22.0,886.0,Army,5.0,,1.0,2.0,,,,8.0,1.0,1.0,1.0,11,Jul-22
Japan,ZAMA,ROAD HOUSE,22.0,1127.0,Marine Corps,7.0,,,,,,,7.0,1.0,1.0,1.0,10,Jul-22
Japan,ZAMA,SANNO HOTEL,22.0,2664.0,Navy,12.0,6.0,4.0,2.0,8.0,,,32.0,1.0,1.0,2.0,36,Jul-22
Japan,ZAMA,CORNER POCKET,22.0,3078.0,Navy,10.0,,2.0,2.0,3.0,,,17.0,1.0,1.0,1.0,20,Jul-22
Japan,ZAMA,CLUB TRILOGY,22.0,3079.0,Navy,8.0,6.0,2.0,2.0,8.0,,,26.0,1.0,1.0,2.0,30,Jul-22
Japan,ZAMA,ZAMA G/C,22.0,3165.0,Army,4.0,4.0,3.0,1.0,3.0,,,15.0,1.0,1.0,1.0,18,Jul-22
Japan,ZAMA,Subtotal,,,,61.0,23.0,18.0,13.0,30.0,3.0,,148.0,8.0,8.0,10.0,174,Jul-22
Japan,OKINAWA,HAVANA'S,26.0,967.0,Army,2.0,,1.0,2.0,,1.0,,6.0,1.0,1.0,1.0,9,Jul-22
Japan,OKINAWA,HASHMARKS,26.0,1105.0,Marine Corps,6.0,,6.0,4.0,4.0,,,20.0,1.0,1.0,2.0,24,Jul-22
Japan,OKINAWA,COURTNEY B/C,26.0,1107.0,Marine Corps,3.0,,6.0,2.0,2.0,2.0,,15.0,1.0,1.0,2.0,19,Jul-22
Japan,OKINAWA,TAIYO G/C,26.0,1109.0,Marine Corps,21.0,9.0,10.0,,11.0,2.0,,53.0,1.0,2.0,2.0,58,Jul-22
Japan,OKINAWA,BUTLER B/C,26.0,1111.0,Marine Corps,4.0,7.0,2.0,1.0,10.0,2.0,,26.0,1.0,1.0,2.0,30,Jul-22
Japan,OKINAWA,OCEAN BREEZE,26.0,1114.0,Marine Corps,16.0,18.0,15.0,,26.0,3.0,,78.0,1.0,3.0,2.0,84,Jul-22
Japan,OKINAWA,SURFSIDE,26.0,1122.0,Marine Corps,6.0,,4.0,,6.0,2.0,,18.0,1.0,1.0,2.0,22,Jul-22
Japan,OKINAWA,PALMS,26.0,2238.0,Marine Corps,16.0,8.0,6.0,4.0,11.0,2.0,,47.0,1.0,2.0,2.0,52,Jul-22
Japan,OKINAWA,WEST PAC LODGE,26.0,2317.0,Marine Corps,6.0,,4.0,4.0,2.0,,,16.0,1.0,1.0,1.0,19,Jul-22
Japan,OKINAWA,BEACH HEAD,26.0,2394.0,Marine Corps,5.0,,1.0,2.0,,,3.0,11.0,1.0,1.0,2.0,15,Jul-22
Japan,OKINAWA,CROW'S NEST,26.0,2523.0,Navy,6.0,4.0,2.0,2.0,6.0,,,20.0,1.0,1.0,2.0,24,Jul-22
Japan,OKINAWA,PORT CALL,26.0,2525.0,Navy,2.0,,2.0,2.0,,3.0,,9.0,1.0,1.0,2.0,13,Jul-22
Japan,OKINAWA,WHISPERS,26.0,3159.0,Marine Corps,4.0,4.0,2.0,,,,,10.0,,1.0,1.0,12,Jul-22
Japan,OKINAWA,HANSEN TLF,26.0,3169.0,Marine Corps,2.0,,4.0,2.0,2.0,2.0,,12.0,1.0,1.0,1.0,15,Jul-22
Japan,OKINAWA,Subtotal,,,,99.0,50.0,65.0,25.0,80.0,19.0,3.0,341.0,13.0,18.0,24.0,396,Jul-22
Japan,IWAKUNI,TORII PINES TLF,27.0,3164.0,Marine Corps,8.0,4.0,6.0,2.0,5.0,,,25.0,1.0,1.0,2.0,29,Jul-22
Japan,IWAKUNI,IWAKUNI CLUB,27.0,1137.0,Marine Corps,20.0,4.0,4.0,2.0,9.0,4.0,,43.0,1.0,2.0,2.0,48,Jul-22
Japan,IWAKUNI,Subtotal,,,,28.0,8.0,10.0,4.0,14.0,4.0,,68.0,2.0,3.0,4.0,77,Jul-22
Japan,SINGAPORE,TERROR CLUB,17.0,3156.0,Navy,10.0,,,,,,,10.0,,1.0,2.0,13,Jul-22
Japan,SINGAPORE,Subtotal,,,,10.0,,,,,,,10.0,,1.0,2.0,13,Jul-22
Korea,SEOUL,DRAGON HILL,20.0,770.0,Army,35.0,,5.0,4.0,27.0,3.0,,74.0,1.0,2.0,3.0,80,Jul-22
Korea,SEOUL,K-16 C/C,20.0,776.0,Army,10.0,,2.0,,,,,12.0,1.0,1.0,2.0,16,Jul-22
Korea,SEOUL,Subtotal,,,,45.0,,7.0,4.0,27.0,3.0,,86.0,2.0,3.0,5.0,96,Jul-22
Korea,DAEGU,STATE'S GRILL,21.0,866.0,Army,6.0,,2.0,,,2.0,,10.0,1.0,1.0,2.0,14,Jul-22
Korea,DAEGU,HILLTOP,21.0,867.0,Army,9.0,10.0,2.0,,8.0,,,29.0,1.0,1.0,2.0,33,Jul-22
Korea,DAEGU,PERIMETER PUB,21.0,869.0,Army,13.0,4.0,6.0,,,3.0,,26.0,1.0,1.0,2.0,30,Jul-22
Korea,DAEGU,WINDY CITY,21.0,870.0,Army,11.0,,5.0,3.0,3.0,,,22.0,1.0,1.0,2.0,26,Jul-22
Korea,DAEGU,EL GUERRERO,21.0,891.0,Army,16.0,,6.0,,3.0,2.0,,27.0,1.0,1.0,2.0,31,Jul-22
Korea,DAEGU,TURTLE COVE,21.0,2521.0,Navy,6.0,,,5.0,,,,11.0,1.0,1.0,2.0,15,Jul-22
Korea,DAEGU,Subtotal,,,,61.0,14.0,21.0,8.0,14.0,7.0,,125.0,6.0,6.0,12.0,149,Jul-22
Korea,UIJEONGBU,IMPACT ZONE,23.0,797.0,Army,9.0,5.0,2.0,,6.0,2.0,,24.0,,1.0,,25,Jul-22
Korea,UIJEONGBU,WARRIOR'S,23.0,798.0,Army,10.0,,2.0,2.0,,,,14.0,,1.0,,15,Jul-22
Korea,UIJEONGBU,CASEY B/C,23.0,819.0,Army,12.0,4.0,2.0,,4.0,2.0,,24.0,,1.0,,25,Jul-22
Korea,UIJEONGBU,CASEY LODGE,23.0,1940.0,Army,6.0,,1.0,2.0,2.0,,,11.0,,,,11,Jul-22
Korea,UIJEONGBU,Subtotal,,,,37.0,9.0,7.0,4.0,12.0,4.0,,73.0,,3.0,,76,Jul-22
Korea,PYONGTAEK,FLIGHTLINE,24.0,3166.0,Army,8.0,,,,2.0,,,10.0,1.0,1.0,1.0,13,Jul-22
Korea,PYONGTAEK,CAVE,24.0,3168.0,Army,22.0,6.0,5.0,,8.0,,,41.0,1.0,2.0,2.0,46,Jul-22
Korea,PYONGTAEK,HUMPHREYS B/C,24.0,839.0,Army,6.0,4.0,4.0,,,,,14.0,1.0,1.0,2.0,18,Jul-22
Korea,PYONGTAEK,MORNING CALM,24.0,3158.0,Army,15.0,15.0,6.0,,29.0,3.0,,68.0,1.0,2.0,2.0,73,Jul-22
Korea,PYONGTAEK,Subtotal,,,,51.0,25.0,15.0,,39.0,3.0,,133.0,4.0,6.0,7.0,150,Jul-22
,,ARMP Total,,,,713.0,228.0,296.0,110.0,453.0,108.0,9.0,1917.0,76.0,105.0,135.0,2233,Jul-22
Europe,KAISERSLAUTERN,ARMSTRONG'S,2.0,194.0,Army,15.0,4.0,10.0,,12.0,4.0,,45.0,1.0,2.0,2.0,50,Aug-22
Europe,KAISERSLAUTERN,LCCC,2.0,195.0,Army,10.0,3.0,5.0,,10.0,2.0,,30.0,1.0,2.0,2.0,35,Aug-22
Europe,KAISERSLAUTERN,KAZABRA,2.0,196.0,Army,6.0,,4.0,,,2.0,,12.0,1.0,1.0,2.0,16,Aug-22
Europe,KAISERSLAUTERN,STRIKERS,2.0,218.0,Army,9.0,4.0,7.0,2.0,8.0,3.0,,33.0,1.0,2.0,2.0,38,Aug-22
Europe,KAISERSLAUTERN,GOLD MINE,2.0,1038.0,Army,9.0,4.0,3.0,3.0,3.0,,,22.0,1.0,2.0,2.0,27,Aug-22
Europe,KAISERSLAUTERN,ROB JAVA CAFE,2.0,2887.0,Army,6.0,,3.0,1.0,1.0,1.0,,12.0,1.0,1.0,2.0,16,Aug-22
Europe,KAISERSLAUTERN,SEMBACH C/C,2.0,3072.0,Army,7.0,,2.0,,7.0,3.0,,19.0,1.0,2.0,2.0,24,Aug-22
Europe,KAISERSLAUTERN,EDO_CARD_LAB,2.0,3170.0,Army,,,,,,,,0.0,,,,0,Aug-22
Europe,KAISERSLAUTERN,Subtotal,,,,62.0,15.0,34.0,6.0,41.0,15.0,,173.0,7.0,12.0,14.0,206,Aug-22
Europe,VICENZA,LIVORNO C/C,4.0,330.0,Army,3.0,3.0,,4.0,3.0,,3.0,16.0,1.0,2.0,2.0,21,Aug-22
Europe,VICENZA,ARENA B/C,4.0,2895.0,Army,13.0,5.0,6.0,3.0,10.0,4.0,,41.0,1.0,2.0,2.0,46,Aug-22
Europe,VICENZA,DEL DIN C/C,4.0,3132.0,Army,3.0,,5.0,1.0,7.0,,,16.0,1.0,1.0,1.0,19,Aug-22
Europe,VICENZA,Subtotal,,,,19.0,8.0,11.0,8.0,20.0,4.0,3.0,73.0,3.0,5.0,5.0,86,Aug-22
Europe,GARMISCH,EDELWEISS,10.0,2489.0,Army,2.0,3.0,3.0,,7.0,,,15.0,1.0,2.0,2.0,20,Aug-22
Europe,GARMISCH,Subtotal,,,,2.0,3.0,3.0,,7.0,,,15.0,1.0,2.0,2.0,20,Aug-22
Europe,ANSBACH,ACTION LANES,31.0,437.0,Army,6.0,,2.0,2.0,8.0,2.0,,20.0,1.0,1.0,2.0,24,Aug-22
Europe,ANSBACH,STORCK BRK B/C,31.0,438.0,Army,6.0,,3.0,1.0,4.0,2.0,,16.0,1.0,1.0,2.0,20,Aug-22
Europe,ANSBACH,Subtotal,,,,12.0,,5.0,3.0,12.0,4.0,,36.0,2.0,2.0,4.0,44,Aug-22
Europe,SOUDA BAY,THE ANCHOR,39.0,2618.0,Navy,16.0,2.0,,,2.0,,,20.0,1.0,2.0,2.0,25,Aug-22
Europe,SOUDA BAY,Subtotal,,,,16.0,2.0,,,2.0,,,20.0,1.0,2.0,2.0,25,Aug-22
Europe,SIGONELLA,SIG B/C,40.0,2595.0,Navy,7.0,2.0,5.0,3.0,4.0,,,21.0,1.0,1.0,1.0,24,Aug-22
Europe,SIGONELLA,JOX SPORTS BAR,40.0,2597.0,Navy,10.0,2.0,2.0,2.0,3.0,,,19.0,1.0,2.0,2.0,24,Aug-22
Europe,SIGONELLA,Subtotal,,,,17.0,4.0,7.0,5.0,7.0,,,40.0,2.0,3.0,3.0,48,Aug-22
Europe,NAPLES,CAPO OLDE TOWN,42.0,2588.0,Navy,9.0,,6.0,1.0,4.0,2.0,,22.0,1.0,1.0,2.0,26,Aug-22
Europe,NAPLES,NAPLES B/C,42.0,2591.0,Navy,5.0,1.0,3.0,2.0,9.0,5.0,,25.0,1.0,1.0,2.0,29,Aug-22
Europe,NAPLES,Subtotal,,,,14.0,1.0,9.0,3.0,13.0,7.0,,47.0,2.0,2.0,4.0,55,Aug-22
Europe,ROTA,LA PLAZA,43.0,2600.0,Navy,13.0,4.0,2.0,,6.0,4.0,,29.0,1.0,1.0,2.0,33,Aug-22
Europe,ROTA,PINZ,43.0,2601.0,Navy,3.0,,3.0,1.0,5.0,1.0,,13.0,1.0,1.0,1.0,16,Aug-22
Europe,ROTA,ROTA FLEET CTR,43.0,2605.0,Navy,2.0,,2.0,1.0,,,,5.0,1.0,1.0,1.0,8,Aug-22
Europe,ROTA,NGIS ROTA,43.0,2890.0,Navy,4.0,,3.0,,2.0,1.0,,10.0,1.0,1.0,1.0,13,Aug-22
Europe,ROTA,Subtotal,,,,22.0,4.0,10.0,2.0,13.0,6.0,,57.0,4.0,4.0,5.0,70,Aug-22
Europe,STUTTGART,PATCH C/C,45.0,256.0,Army,15.0,3.0,6.0,3.0,16.0,5.0,,48.0,1.0,2.0,2.0,53,Aug-22
Europe,STUTTGART,KELLY C/C,45.0,280.0,Army,10.0,,3.0,1.0,4.0,1.0,,19.0,1.0,1.0,1.0,22,Aug-22
Europe,STUTTGART,GALAXY B/C,45.0,298.0,Army,6.0,2.0,3.0,1.0,7.0,2.0,,21.0,1.0,1.0,1.0,24,Aug-22
Europe,STUTTGART,Subtotal,,,,31.0,5.0,12.0,5.0,27.0,8.0,,88.0,3.0,4.0,4.0,99,Aug-22
Europe,VILSECK,GRAF E/C,46.0,413.0,Army,14.0,4.0,5.0,4.0,9.0,2.0,,38.0,1.0,2.0,2.0,43,Aug-22
Europe,VILSECK,HOHENFELS B/C,46.0,415.0,Army,4.0,4.0,6.0,,6.0,,,20.0,1.0,2.0,2.0,25,Aug-22
Europe,VILSECK,VILSECK B/C,46.0,417.0,Army,7.0,,,2.0,4.0,,,13.0,1.0,1.0,1.0,16,Aug-22
Europe,VILSECK,LANGENBRUCK,46.0,1858.0,Army,13.0,4.0,4.0,,12.0,,,33.0,1.0,2.0,2.0,38,Aug-22
Europe,VILSECK,ALGIER R/C,46.0,3145.0,Army,,,,,,,,0.0,,,,0,Aug-22
Europe,VILSECK,Subtotal,,,,38.0,12.0,15.0,6.0,31.0,2.0,,104.0,4.0,7.0,7.0,122,Aug-22
Europe,WIESBADEN,THE VAULT,47.0,1669.0,Army,10.0,4.0,4.0,,11.0,2.0,,31.0,1.0,2.0,2.0,36,Aug-22
Europe,WIESBADEN,LIBERTY GAMES,47.0,1881.0,Army,7.0,,7.0,,5.0,1.0,,20.0,1.0,1.0,1.0,23,Aug-22
Europe,WIESBADEN,WIESBADEN E/C,47.0,2976.0,Army,9.0,4.0,4.0,1.0,6.0,2.0,,26.0,,1.0,,27,Aug-22
Europe,WIESBADEN,ACE'S GAME RM,47.0,3108.0,Army,6.0,1.0,2.0,,,1.0,,10.0,1.0,1.0,1.0,13,Aug-22
Europe,WIESBADEN,Subtotal,,,,32.0,9.0,17.0,1.0,22.0,6.0,,87.0,3.0,5.0,4.0,99,Aug-22
Japan,YOKOSUKA,YOKOSUKA B/C,18.0,3146.0,Navy,8.0,4.0,3.0,,6.0,1.0,,22.0,1.0,1.0,2.0,26,Aug-22
Japan,YOKOSUKA,CLUB ALLIANCE,18.0,3147.0,Navy,7.0,5.0,2.0,1.0,12.0,2.0,,29.0,1.0,1.0,2.0,33,Aug-22
Japan,YOKOSUKA,CPO CLUB,18.0,3148.0,Navy,7.0,,3.0,,1.0,1.0,,12.0,1.0,1.0,2.0,16,Aug-22
Japan,YOKOSUKA,TAKEMIYA CLUB,18.0,3149.0,Navy,4.0,,,1.0,,1.0,,6.0,1.0,1.0,2.0,10,Aug-22
Japan,YOKOSUKA,OFFICERS CLUB,18.0,3150.0,Navy,6.0,,2.0,2.0,1.0,2.0,,13.0,1.0,1.0,2.0,17,Aug-22
Japan,YOKOSUKA,SEASIDE CLUB,18.0,3151.0,Navy,4.0,8.0,4.0,2.0,13.0,1.0,,32.0,1.0,1.0,2.0,36,Aug-22
Japan,YOKOSUKA,Subtotal,,,,36.0,17.0,14.0,6.0,33.0,8.0,,114.0,6.0,6.0,12.0,138,Aug-22
Japan,SASEBO,HARBOR VIEW,19.0,3096.0,Navy,8.0,6.0,3.0,4.0,5.0,1.0,,27.0,1.0,1.0,2.0,31,Aug-22
Japan,SASEBO,HARIO,19.0,3097.0,Navy,3.0,6.0,2.0,3.0,,1.0,,15.0,1.0,1.0,2.0,19,Aug-22
Japan,SASEBO,GALAXIES,19.0,3098.0,Navy,7.0,6.0,8.0,,5.0,3.0,,29.0,1.0,1.0,2.0,33,Aug-22
Japan,SASEBO,Subtotal,,,,18.0,18.0,13.0,7.0,10.0,5.0,,71.0,3.0,3.0,6.0,83,Aug-22
Japan,ZAMA,ZAMA C/C,22.0,883.0,Army,10.0,5.0,4.0,2.0,8.0,3.0,,32.0,1.0,1.0,1.0,35,Aug-22
Japan,ZAMA,SHA CLUB,22.0,885.0,Army,5.0,2.0,2.0,2.0,,,,11.0,1.0,1.0,1.0,14,Aug-22
Japan,ZAMA,ZAMA B/C,22.0,886.0,Army,5.0,,1.0,2.0,,,,8.0,1.0,1.0,1.0,11,Aug-22
Japan,ZAMA,ROAD HOUSE,22.0,1127.0,Marine Corps,7.0,,,,,,,7.0,1.0,1.0,1.0,10,Aug-22
Japan,ZAMA,SANNO HOTEL,22.0,2664.0,Navy,12.0,6.0,4.0,2.0,8.0,,,32.0,1.0,1.0,2.0,36,Aug-22
Japan,ZAMA,CORNER POCKET,22.0,3078.0,Navy,10.0,,2.0,2.0,3.0,,,17.0,1.0,1.0,1.0,20,Aug-22
Japan,ZAMA,CLUB TRILOGY,22.0,3079.0,Navy,8.0,6.0,2.0,2.0,8.0,,,26.0,1.0,1.0,2.0,30,Aug-22
Japan,ZAMA,ZAMA G/C,22.0,3165.0,Army,4.0,4.0,3.0,1.0,3.0,,,15.0,1.0,1.0,1.0,18,Aug-22
Japan,ZAMA,Subtotal,,,,61.0,23.0,18.0,13.0,30.0,3.0,,148.0,8.0,8.0,10.0,174,Aug-22
Japan,OKINAWA,HAVANA'S,26.0,967.0,Army,2.0,,1.0,2.0,,1.0,,6.0,1.0,1.0,1.0,9,Aug-22
Japan,OKINAWA,HASHMARKS,26.0,1105.0,Marine Corps,6.0,,6.0,4.0,4.0,,,20.0,1.0,1.0,2.0,24,Aug-22
Japan,OKINAWA,COURTNEY B/C,26.0,1107.0,Marine Corps,3.0,,6.0,2.0,2.0,2.0,,15.0,1.0,1.0,2.0,19,Aug-22
Japan,OKINAWA,TAIYO G/C,26.0,1109.0,Marine Corps,21.0,9.0,10.0,,11.0,2.0,,53.0,1.0,2.0,2.0,58,Aug-22
Japan,OKINAWA,BUTLER B/C,26.0,1111.0,Marine Corps,4.0,7.0,2.0,1.0,10.0,2.0,,26.0,1.0,1.0,2.0,30,Aug-22
Japan,OKINAWA,OCEAN BREEZE,26.0,1114.0,Marine Corps,16.0,18.0,15.0,,26.0,3.0,,78.0,1.0,3.0,2.0,84,Aug-22
Japan,OKINAWA,SURFSIDE,26.0,1122.0,Marine Corps,6.0,,4.0,,6.0,2.0,,18.0,1.0,1.0,2.0,22,Aug-22
Japan,OKINAWA,PALMS,26.0,2238.0,Marine Corps,16.0,8.0,6.0,4.0,11.0,2.0,,47.0,1.0,2.0,2.0,52,Aug-22
Japan,OKINAWA,WEST PAC LODGE,26.0,2317.0,Marine Corps,6.0,,4.0,4.0,2.0,,,16.0,1.0,1.0,1.0,19,Aug-22
Japan,OKINAWA,BEACH HEAD,26.0,2394.0,Marine Corps,5.0,,1.0,2.0,,,3.0,11.0,1.0,1.0,2.0,15,Aug-22
Japan,OKINAWA,CROW'S NEST,26.0,2523.0,Navy,6.0,4.0,2.0,2.0,6.0,,,20.0,1.0,1.0,2.0,24,Aug-22
Japan,OKINAWA,PORT CALL,26.0,2525.0,Navy,2.0,,2.0,2.0,,3.0,,9.0,1.0,1.0,2.0,13,Aug-22
Japan,OKINAWA,WHISPERS,26.0,3159.0,Marine Corps,4.0,4.0,2.0,,,,,10.0,,1.0,1.0,12,Aug-22
Japan,OKINAWA,HANSEN TLF,26.0,3169.0,Marine Corps,2.0,,4.0,2.0,2.0,2.0,,12.0,1.0,1.0,1.0,15,Aug-22
Japan,OKINAWA,Subtotal,,,,99.0,50.0,65.0,25.0,80.0,19.0,3.0,341.0,13.0,18.0,24.0,396,Aug-22
Japan,IWAKUNI,TORII PINES TLF,27.0,3164.0,Marine Corps,8.0,4.0,6.0,2.0,5.0,,,25.0,1.0,1.0,2.0,29,Aug-22
Japan,IWAKUNI,IWAKUNI CLUB,27.0,1137.0,Marine Corps,10.0,,4.0,2.0,9.0,4.0,,29.0,1.0,2.0,2.0,34,Aug-22
Japan,IWAKUNI,Subtotal,,,,18.0,4.0,10.0,4.0,14.0,4.0,,54.0,2.0,3.0,4.0,63,Aug-22
Japan,SINGAPORE,TERROR CLUB,17.0,3156.0,Navy,10.0,,,,,,,10.0,,1.0,2.0,13,Aug-22
Japan,SINGAPORE,Subtotal,,,,10.0,,,,,,,10.0,,1.0,2.0,13,Aug-22
Korea,SEOUL,DRAGON HILL,20.0,770.0,Army,35.0,,5.0,4.0,27.0,3.0,,74.0,1.0,2.0,3.0,80,Aug-22
Korea,SEOUL,K-16 C/C,20.0,776.0,Army,10.0,,2.0,,,,,12.0,1.0,1.0,2.0,16,Aug-22
Korea,SEOUL,Subtotal,,,,45.0,,7.0,4.0,27.0,3.0,,86.0,2.0,3.0,5.0,96,Aug-22
Korea,DAEGU,STATE'S GRILL,21.0,866.0,Army,6.0,,2.0,,,2.0,,10.0,1.0,1.0,2.0,14,Aug-22
Korea,DAEGU,HILLTOP,21.0,867.0,Army,9.0,10.0,2.0,,8.0,,,29.0,1.0,1.0,2.0,33,Aug-22
Korea,DAEGU,PERIMETER PUB,21.0,869.0,Army,13.0,4.0,6.0,,,3.0,,26.0,1.0,1.0,2.0,30,Aug-22
Korea,DAEGU,WINDY CITY,21.0,870.0,Army,11.0,,5.0,3.0,3.0,,,22.0,1.0,1.0,2.0,26,Aug-22
Korea,DAEGU,EL GUERRERO,21.0,891.0,Army,16.0,,6.0,,3.0,2.0,,27.0,1.0,1.0,2.0,31,Aug-22
Korea,DAEGU,TURTLE COVE,21.0,2521.0,Navy,6.0,,,5.0,,,,11.0,1.0,1.0,2.0,15,Aug-22
Korea,DAEGU,Subtotal,,,,61.0,14.0,21.0,8.0,14.0,7.0,,125.0,6.0,6.0,12.0,149,Aug-22
Korea,UIJEONGBU,IMPACT ZONE,23.0,797.0,Army,9.0,5.0,2.0,,6.0,2.0,,24.0,,1.0,,25,Aug-22
Korea,UIJEONGBU,WARRIOR'S,23.0,798.0,Army,10.0,,2.0,2.0,,,,14.0,,1.0,,15,Aug-22
Korea,UIJEONGBU,CASEY B/C,23.0,819.0,Army,12.0,4.0,2.0,,4.0,2.0,,24.0,,1.0,,25,Aug-22
Korea,UIJEONGBU,CASEY LODGE,23.0,1940.0,Army,6.0,,1.0,2.0,2.0,,,11.0,,1.0,,12,Aug-22
Korea,UIJEONGBU,Subtotal,,,,37.0,9.0,7.0,4.0,12.0,4.0,,73.0,,4.0,,77,Aug-22
Korea,PYONGTAEK,FLIGHTLINE,24.0,3166.0,Army,8.0,,,,2.0,,,10.0,1.0,1.0,1.0,13,Aug-22
Korea,PYONGTAEK,CAVE,24.0,3168.0,Army,22.0,6.0,5.0,,8.0,,,41.0,1.0,2.0,2.0,46,Aug-22
Korea,PYONGTAEK,HUMPHREYS B/C,24.0,839.0,Army,6.0,4.0,4.0,,,,,14.0,1.0,1.0,2.0,18,Aug-22
Korea,PYONGTAEK,MORNING CALM,24.0,3158.0,Army,15.0,15.0,6.0,,29.0,3.0,,68.0,1.0,2.0,2.0,73,Aug-22
Korea,PYONGTAEK,Subtotal,,,,51.0,25.0,15.0,,39.0,3.0,,133.0,4.0,6.0,7.0,150,Aug-22
,,ARMP Total,,,,701.0,223.0,293.0,110.0,454.0,108.0,6.0,1895.0,76.0,106.0,136.0,2213,Aug-22
Europe,KAISERSLAUTERN,ARMSTRONG'S,2.0,194.0,Army,15.0,4.0,10.0,,12.0,4.0,,45.0,1.0,2.0,2.0,50,Sep-22
Europe,KAISERSLAUTERN,LCCC,2.0,195.0,Army,10.0,3.0,5.0,,10.0,2.0,,30.0,1.0,2.0,2.0,35,Sep-22
Europe,KAISERSLAUTERN,KAZABRA,2.0,196.0,Army,6.0,,4.0,,,2.0,,12.0,1.0,1.0,2.0,16,Sep-22
Europe,KAISERSLAUTERN,STRIKERS,2.0,218.0,Army,9.0,4.0,7.0,2.0,8.0,3.0,,33.0,1.0,2.0,2.0,38,Sep-22
Europe,KAISERSLAUTERN,GOLD MINE,2.0,1038.0,Army,9.0,4.0,3.0,3.0,3.0,,,22.0,1.0,2.0,2.0,27,Sep-22
Europe,KAISERSLAUTERN,ROB JAVA CAFE,2.0,2887.0,Army,6.0,,3.0,1.0,1.0,1.0,,12.0,1.0,1.0,2.0,16,Sep-22
Europe,KAISERSLAUTERN,SEMBACH C/C,2.0,3072.0,Army,7.0,,2.0,,7.0,3.0,,19.0,1.0,2.0,2.0,24,Sep-22
Europe,KAISERSLAUTERN,EDO_CARD_LAB,2.0,3170.0,Army,,,,,,,,0.0,,,,0,Sep-22
Europe,KAISERSLAUTERN,Subtotal,,,,62.0,15.0,34.0,6.0,41.0,15.0,,173.0,7.0,12.0,14.0,206,Sep-22
Europe,VICENZA,LIVORNO C/C,4.0,330.0,Army,3.0,3.0,,4.0,3.0,,3.0,16.0,1.0,2.0,2.0,21,Sep-22
Europe,VICENZA,ARENA B/C,4.0,2895.0,Army,13.0,5.0,6.0,3.0,10.0,4.0,,41.0,1.0,2.0,2.0,46,Sep-22
Europe,VICENZA,DEL DIN C/C,4.0,3132.0,Army,3.0,,5.0,1.0,7.0,,,16.0,1.0,1.0,1.0,19,Sep-22
Europe,VICENZA,Subtotal,,,,19.0,8.0,11.0,8.0,20.0,4.0,3.0,73.0,3.0,5.0,5.0,86,Sep-22
Europe,GARMISCH,EDELWEISS,10.0,2489.0,Army,2.0,3.0,3.0,,7.0,,,15.0,1.0,2.0,2.0,20,Sep-22
Europe,GARMISCH,Subtotal,,,,2.0,3.0,3.0,,7.0,,,15.0,1.0,2.0,2.0,20,Sep-22
Europe,ANSBACH,ACTION LANES,31.0,437.0,Army,6.0,,2.0,2.0,8.0,2.0,,20.0,1.0,1.0,2.0,24,Sep-22
Europe,ANSBACH,STORCK BRK B/C,31.0,438.0,Army,6.0,,3.0,1.0,4.0,2.0,,16.0,1.0,1.0,2.0,20,Sep-22
Europe,ANSBACH,Subtotal,,,,12.0,,5.0,3.0,12.0,4.0,,36.0,2.0,2.0,4.0,44,Sep-22
Europe,SOUDA BAY,THE ANCHOR,39.0,2618.0,Navy,16.0,2.0,,,2.0,,,20.0,1.0,2.0,2.0,25,Sep-22
Europe,SOUDA BAY,Subtotal,,,,16.0,2.0,,,2.0,,,20.0,1.0,2.0,2.0,25,Sep-22
Europe,SIGONELLA,SIG B/C,40.0,2595.0,Navy,7.0,2.0,5.0,3.0,4.0,,,21.0,1.0,1.0,1.0,24,Sep-22
Europe,SIGONELLA,JOX SPORTS BAR,40.0,2597.0,Navy,10.0,2.0,2.0,2.0,3.0,,,19.0,1.0,2.0,2.0,24,Sep-22
Europe,SIGONELLA,Subtotal,,,,17.0,4.0,7.0,5.0,7.0,,,40.0,2.0,3.0,3.0,48,Sep-22
Europe,NAPLES,CAPO OLDE TOWN,42.0,2588.0,Navy,9.0,,6.0,1.0,4.0,2.0,,22.0,1.0,1.0,2.0,26,Sep-22
Europe,NAPLES,NAPLES B/C,42.0,2591.0,Navy,5.0,1.0,3.0,2.0,9.0,5.0,,25.0,1.0,1.0,2.0,29,Sep-22
Europe,NAPLES,Subtotal,,,,14.0,1.0,9.0,3.0,13.0,7.0,,47.0,2.0,2.0,4.0,55,Sep-22
Europe,ROTA,LA PLAZA,43.0,2600.0,Navy,13.0,4.0,2.0,,6.0,4.0,,29.0,1.0,1.0,2.0,33,Sep-22
Europe,ROTA,PINZ,43.0,2601.0,Navy,3.0,,3.0,1.0,5.0,1.0,,13.0,1.0,1.0,1.0,16,Sep-22
Europe,ROTA,ROTA FLEET CTR,43.0,2605.0,Navy,2.0,,2.0,1.0,,,,5.0,1.0,1.0,1.0,8,Sep-22
Europe,ROTA,NGIS ROTA,43.0,2890.0,Navy,4.0,,3.0,,2.0,1.0,,10.0,1.0,1.0,1.0,13,Sep-22
Europe,ROTA,Subtotal,,,,22.0,4.0,10.0,2.0,13.0,6.0,,57.0,4.0,4.0,5.0,70,Sep-22
Europe,STUTTGART,PATCH C/C,45.0,256.0,Army,15.0,3.0,6.0,3.0,16.0,5.0,,48.0,1.0,2.0,2.0,53,Sep-22
Europe,STUTTGART,KELLY C/C,45.0,280.0,Army,10.0,,3.0,1.0,4.0,1.0,,19.0,1.0,1.0,1.0,22,Sep-22
Europe,STUTTGART,GALAXY B/C,45.0,298.0,Army,6.0,2.0,3.0,1.0,7.0,2.0,,21.0,1.0,1.0,1.0,24,Sep-22
Europe,STUTTGART,Subtotal,,,,31.0,5.0,12.0,5.0,27.0,8.0,,88.0,3.0,4.0,4.0,99,Sep-22
Europe,VILSECK,GRAF E/C,46.0,413.0,Army,14.0,4.0,5.0,4.0,9.0,2.0,,38.0,1.0,2.0,2.0,43,Sep-22
Europe,VILSECK,HOHENFELS B/C,46.0,415.0,Army,4.0,4.0,6.0,,6.0,,,20.0,1.0,2.0,2.0,25,Sep-22
Europe,VILSECK,VILSECK B/C,46.0,417.0,Army,7.0,,,2.0,4.0,,,13.0,1.0,1.0,1.0,16,Sep-22
Europe,VILSECK,LANGENBRUCK,46.0,1858.0,Army,13.0,4.0,4.0,,12.0,,,33.0,1.0,2.0,2.0,38,Sep-22
Europe,VILSECK,ALGIER R/C,46.0,3145.0,Army,,,,,,,,0.0,,,,0,Sep-22
Europe,VILSECK,Subtotal,,,,38.0,12.0,15.0,6.0,31.0,2.0,,104.0,4.0,7.0,7.0,122,Sep-22
Europe,WIESBADEN,THE VAULT,47.0,1669.0,Army,10.0,4.0,4.0,,11.0,2.0,,31.0,1.0,2.0,2.0,36,Sep-22
Europe,WIESBADEN,LIBERTY GAMES,47.0,1881.0,Army,7.0,,7.0,,5.0,1.0,,20.0,1.0,1.0,1.0,23,Sep-22
Europe,WIESBADEN,WIESBADEN E/C,47.0,2976.0,Army,9.0,4.0,4.0,1.0,6.0,2.0,,26.0,,1.0,,27,Sep-22
Europe,WIESBADEN,ACE'S GAME RM,47.0,3108.0,Army,6.0,1.0,2.0,,,1.0,,10.0,1.0,1.0,1.0,13,Sep-22
Europe,WIESBADEN,Subtotal,,,,32.0,9.0,17.0,1.0,22.0,6.0,,87.0,3.0,5.0,4.0,99,Sep-22
Japan,YOKOSUKA,YOKOSUKA B/C,18.0,3146.0,Navy,8.0,4.0,3.0,,6.0,1.0,,22.0,1.0,1.0,2.0,26,Sep-22
Japan,YOKOSUKA,CLUB ALLIANCE,18.0,3147.0,Navy,7.0,5.0,2.0,1.0,12.0,2.0,,29.0,1.0,1.0,2.0,33,Sep-22
Japan,YOKOSUKA,CPO CLUB,18.0,3148.0,Navy,7.0,,3.0,,1.0,1.0,,12.0,1.0,1.0,2.0,16,Sep-22
Japan,YOKOSUKA,TAKEMIYA CLUB,18.0,3149.0,Navy,4.0,,,1.0,,1.0,,6.0,1.0,1.0,2.0,10,Sep-22
Japan,YOKOSUKA,OFFICERS CLUB,18.0,3150.0,Navy,6.0,,2.0,2.0,1.0,2.0,,13.0,1.0,1.0,2.0,17,Sep-22
Japan,YOKOSUKA,SEASIDE CLUB,18.0,3151.0,Navy,4.0,8.0,4.0,2.0,13.0,1.0,,32.0,1.0,1.0,2.0,36,Sep-22
Japan,YOKOSUKA,Subtotal,,,,36.0,17.0,14.0,6.0,33.0,8.0,,114.0,6.0,6.0,12.0,138,Sep-22
Japan,SASEBO,HARBOR VIEW,19.0,3096.0,Navy,8.0,6.0,3.0,4.0,5.0,1.0,,27.0,1.0,1.0,2.0,31,Sep-22
Japan,SASEBO,HARIO,19.0,3097.0,Navy,3.0,6.0,2.0,3.0,,1.0,,15.0,1.0,1.0,2.0,19,Sep-22
Japan,SASEBO,GALAXIES,19.0,3098.0,Navy,7.0,6.0,8.0,,5.0,3.0,,29.0,1.0,1.0,2.0,33,Sep-22
Japan,SASEBO,Subtotal,,,,18.0,18.0,13.0,7.0,10.0,5.0,,71.0,3.0,3.0,6.0,83,Sep-22
Japan,ZAMA,ZAMA C/C,22.0,883.0,Army,10.0,5.0,4.0,2.0,8.0,3.0,,32.0,1.0,1.0,1.0,35,Sep-22
Japan,ZAMA,SHA CLUB,22.0,885.0,Army,5.0,2.0,2.0,2.0,,,,11.0,1.0,1.0,1.0,14,Sep-22
Japan,ZAMA,ZAMA B/C,22.0,886.0,Army,5.0,,1.0,2.0,,,,8.0,1.0,1.0,1.0,11,Sep-22
Japan,ZAMA,ROAD HOUSE,22.0,1127.0,Marine Corps,7.0,,,,,,,7.0,1.0,1.0,1.0,10,Sep-22
Japan,ZAMA,SANNO HOTEL,22.0,2664.0,Navy,12.0,6.0,4.0,2.0,8.0,,,32.0,1.0,1.0,2.0,36,Sep-22
Japan,ZAMA,CORNER POCKET,22.0,3078.0,Navy,10.0,,2.0,2.0,3.0,,,17.0,1.0,1.0,1.0,20,Sep-22
Japan,ZAMA,CLUB TRILOGY,22.0,3079.0,Navy,8.0,6.0,2.0,2.0,8.0,,,26.0,1.0,1.0,2.0,30,Sep-22
Japan,ZAMA,ZAMA G/C,22.0,3165.0,Army,4.0,4.0,3.0,1.0,3.0,,,15.0,1.0,1.0,1.0,18,Sep-22
Japan,ZAMA,Subtotal,,,,61.0,23.0,18.0,13.0,30.0,3.0,,148.0,8.0,8.0,10.0,174,Sep-22
Japan,OKINAWA,HAVANA'S,26.0,967.0,Army,2.0,,1.0,2.0,,1.0,,6.0,1.0,1.0,1.0,9,Sep-22
Japan,OKINAWA,HASHMARKS,26.0,1105.0,Marine Corps,6.0,,6.0,4.0,4.0,,,20.0,1.0,1.0,2.0,24,Sep-22
Japan,OKINAWA,COURTNEY B/C,26.0,1107.0,Marine Corps,3.0,,6.0,2.0,2.0,2.0,,15.0,1.0,1.0,2.0,19,Sep-22
Japan,OKINAWA,TAIYO G/C,26.0,1109.0,Marine Corps,21.0,9.0,10.0,,11.0,2.0,,53.0,1.0,2.0,2.0,58,Sep-22
Japan,OKINAWA,BUTLER B/C,26.0,1111.0,Marine Corps,4.0,7.0,2.0,1.0,10.0,2.0,,26.0,1.0,1.0,2.0,30,Sep-22
Japan,OKINAWA,OCEAN BREEZE,26.0,1114.0,Marine Corps,16.0,18.0,15.0,,26.0,3.0,,78.0,1.0,3.0,2.0,84,Sep-22
Japan,OKINAWA,SURFSIDE,26.0,1122.0,Marine Corps,6.0,,4.0,,6.0,2.0,,18.0,1.0,1.0,2.0,22,Sep-22
Japan,OKINAWA,PALMS,26.0,2238.0,Marine Corps,16.0,8.0,6.0,4.0,11.0,2.0,,47.0,1.0,2.0,2.0,52,Sep-22
Japan,OKINAWA,WEST PAC LODGE,26.0,2317.0,Marine Corps,6.0,,4.0,4.0,2.0,,,16.0,1.0,1.0,1.0,19,Sep-22
Japan,OKINAWA,BEACH HEAD,26.0,2394.0,Marine Corps,5.0,,1.0,2.0,,,3.0,11.0,1.0,1.0,2.0,15,Sep-22
Japan,OKINAWA,CROW'S NEST,26.0,2523.0,Navy,6.0,4.0,2.0,2.0,6.0,,,20.0,1.0,1.0,2.0,24,Sep-22
Japan,OKINAWA,PORT CALL,26.0,2525.0,Navy,2.0,,2.0,2.0,,3.0,,9.0,1.0,1.0,2.0,13,Sep-22
Japan,OKINAWA,WHISPERS,26.0,3159.0,Marine Corps,4.0,4.0,2.0,,,,,10.0,,1.0,1.0,12,Sep-22
Japan,OKINAWA,HANSEN TLF,26.0,3169.0,Marine Corps,2.0,,4.0,2.0,2.0,2.0,,12.0,1.0,1.0,1.0,15,Sep-22
Japan,OKINAWA,Subtotal,,,,99.0,50.0,65.0,25.0,80.0,19.0,3.0,341.0,13.0,18.0,24.0,396,Sep-22
Japan,IWAKUNI,TORII PINES TLF,27.0,3164.0,Marine Corps,8.0,4.0,6.0,2.0,5.0,,,25.0,1.0,1.0,2.0,29,Sep-22
Japan,IWAKUNI,IWAKUNI CLUB,27.0,1137.0,Marine Corps,10.0,,4.0,2.0,9.0,4.0,,29.0,1.0,2.0,2.0,34,Sep-22
Japan,IWAKUNI,Subtotal,,,,18.0,4.0,10.0,4.0,14.0,4.0,,54.0,2.0,3.0,4.0,63,Sep-22
Japan,SINGAPORE,TERROR CLUB,17.0,3156.0,Navy,10.0,,,,,,,10.0,,1.0,2.0,13,Sep-22
Japan,SINGAPORE,Subtotal,,,,10.0,,,,,,,10.0,,1.0,2.0,13,Sep-22
Korea,SEOUL,DRAGON HILL,20.0,770.0,Army,35.0,,5.0,4.0,27.0,3.0,,74.0,1.0,2.0,3.0,80,Sep-22
Korea,SEOUL,K-16 C/C,20.0,776.0,Army,10.0,,2.0,,,,,12.0,1.0,1.0,2.0,16,Sep-22
Korea,SEOUL,Subtotal,,,,45.0,,7.0,4.0,27.0,3.0,,86.0,2.0,3.0,5.0,96,Sep-22
Korea,DAEGU,STATE'S GRILL,21.0,866.0,Army,6.0,,2.0,,,2.0,,10.0,1.0,1.0,2.0,14,Sep-22
Korea,DAEGU,HILLTOP,21.0,867.0,Army,9.0,10.0,2.0,,8.0,,,29.0,1.0,1.0,2.0,33,Sep-22
Korea,DAEGU,PERIMETER PUB,21.0,869.0,Army,13.0,4.0,6.0,,,3.0,,26.0,1.0,1.0,2.0,30,Sep-22
Korea,DAEGU,WINDY CITY,21.0,870.0,Army,11.0,,5.0,3.0,3.0,,,22.0,1.0,1.0,2.0,26,Sep-22
Korea,DAEGU,EL GUERRERO,21.0,891.0,Army,16.0,,6.0,,3.0,2.0,,27.0,1.0,1.0,2.0,31,Sep-22
Korea,DAEGU,TURTLE COVE,21.0,2521.0,Navy,6.0,,,5.0,,,,11.0,1.0,1.0,2.0,15,Sep-22
Korea,DAEGU,Subtotal,,,,61.0,14.0,21.0,8.0,14.0,7.0,,125.0,6.0,6.0,12.0,149,Sep-22
Korea,UIJEONGBU,IMPACT ZONE,23.0,797.0,Army,9.0,5.0,2.0,,6.0,2.0,,24.0,,1.0,,25,Sep-22
Korea,UIJEONGBU,WARRIOR'S,23.0,798.0,Army,10.0,,2.0,2.0,,,,14.0,,1.0,,15,Sep-22
Korea,UIJEONGBU,CASEY B/C,23.0,819.0,Army,12.0,4.0,2.0,,4.0,2.0,,24.0,,1.0,,25,Sep-22
Korea,UIJEONGBU,CASEY LODGE,23.0,1940.0,Army,6.0,,1.0,2.0,2.0,,,11.0,,1.0,,12,Sep-22
Korea,UIJEONGBU,Subtotal,,,,37.0,9.0,7.0,4.0,12.0,4.0,,73.0,,4.0,,77,Sep-22
Korea,PYONGTAEK,FLIGHTLINE,24.0,3166.0,Army,8.0,,,,2.0,,,10.0,1.0,1.0,1.0,13,Sep-22
Korea,PYONGTAEK,CAVE,24.0,3168.0,Army,22.0,6.0,5.0,,8.0,,,41.0,1.0,2.0,2.0,46,Sep-22
Korea,PYONGTAEK,HUMPHREYS B/C,24.0,839.0,Army,6.0,4.0,4.0,,,,,14.0,1.0,1.0,2.0,18,Sep-22
Korea,PYONGTAEK,MORNING CALM,24.0,3158.0,Army,15.0,15.0,6.0,,29.0,3.0,,68.0,1.0,2.0,2.0,73,Sep-22
Korea,PYONGTAEK,Subtotal,,,,51.0,25.0,15.0,,39.0,3.0,,133.0,4.0,6.0,7.0,150,Sep-22
,,ARMP Total,,,,701.0,223.0,293.0,110.0,454.0,108.0,6.0,1895.0,76.0,106.0,136.0,2213,Sep-22
