LocationName,FO#,Loc,Svc,NOV,AIN,IGT,WMS,BAL,KON,ITE,Tot_EGMs,FRS,ACM,ITC,Total_PDF,Total_Computed,Month
IRISH PUB,2,194,Army,14.0,4.0,10.0,,10.0,4.0,,42.0,1.0,2.0,3.0,48.0,48.0,October 2020
LCCC,2,195,Army,10.0,3.0,5.0,,10.0,2.0,,30.0,1.0,2.0,2.0,35.0,35.0,October 2020
KAZABRA,2,196,Army,6.0,,4.0,,,2.0,,12.0,1.0,1.0,1.0,15.0,15.0,October 2020
STRIKERS,2,218,Army,9.0,4.0,7.0,2.0,8.0,3.0,,33.0,1.0,2.0,2.0,38.0,38.0,October 2020
GOLD MINE,2,1038,Army,9.0,4.0,3.0,3.0,3.0,,,22.0,1.0,2.0,2.0,27.0,27.0,October 2020
ROB JAVA CAFE,2,2887,Army,6.0,,3.0,1.0,1.0,1.0,,12.0,1.0,1.0,1.0,15.0,15.0,October 2020
SEMBACH C/C,2,3072,Army,7.0,,2.0,,7.0,3.0,,19.0,1.0,1.0,2.0,23.0,23.0,October 2020
LA PLAZA,43,2600,Navy,13.0,4.0,2.0,,6.0,4.0,,29.0,1.0,1.0,2.0,33.0,33.0,October 2020
ROTA LANES,43,2601,Navy,3.0,,3.0,1.0,5.0,1.0,,13.0,1.0,1.0,1.0,16.0,16.0,October 2020
ROTA FLEET CTR,43,2605,Navy,2.0,,2.0,1.0,,,,5.0,1.0,1.0,1.0,8.0,8.0,October 2020
BOQ,43,2890,Navy,4.0,,3.0,,2.0,1.0,,10.0,1.0,1.0,1.0,13.0,13.0,October 2020
GRAF E/C,46,413,Army,17.0,4.0,7.0,4.0,6.0,,,38.0,1.0,2.0,2.0,43.0,43.0,October 2020
HOHENFELS B/C,46,415,Army,4.0,4.0,4.0,4.0,2.0,,,18.0,1.0,2.0,2.0,23.0,23.0,October 2020
VILSECK B/C,46,417,Army,7.0,,,2.0,4.0,,,13.0,1.0,1.0,1.0,16.0,16.0,October 2020
LANGENBRUCK,46,1858,Army,11.0,4.0,4.0,,15.0,2.0,,36.0,1.0,2.0,2.0,41.0,41.0,October 2020
ALGIERS REC,46,3145,Army,6.0,,2.0,2.0,4.0,,,14.0,1.0,1.0,2.0,18.0,18.0,October 2020
THE VAULT,47,1669,Army,13.0,4.0,7.0,,17.0,2.0,,43.0,1.0,3.0,3.0,50.0,50.0,October 2020
KASTEL KLUB,47,1881,Army,9.0,,5.0,,2.0,1.0,,17.0,1.0,1.0,1.0,20.0,20.0,October 2020
WIESBADEN E/C,47,2976,Army,11.0,4.0,4.0,1.0,4.0,2.0,,26.0,,,1.0,27.0,27.0,October 2020
ACE'S GAME RM,47,3108,Army,6.0,1.0,2.0,,,1.0,,10.0,1.0,1.0,1.0,13.0,13.0,October 2020
YOKOSUKA B/C,18,3146,Navy,8.0,4.0,3.0,,6.0,1.0,,22.0,1.0,1.0,2.0,26.0,26.0,October 2020
CLUB ALLIANCE,18,3147,Navy,7.0,5.0,2.0,1.0,12.0,2.0,,29.0,1.0,1.0,2.0,33.0,33.0,October 2020
CPO CLUB,18,3148,Navy,7.0,,3.0,,1.0,1.0,,12.0,1.0,1.0,2.0,16.0,16.0,October 2020
TAKEMIYA CLUB,18,3149,Navy,3.0,,,1.0,1.0,1.0,,6.0,1.0,1.0,2.0,10.0,10.0,October 2020
OFFICERS CLUB,18,3150,Navy,6.0,,2.0,2.0,1.0,2.0,,13.0,1.0,1.0,2.0,17.0,17.0,October 2020
SEASIDE CLUB,18,3151,Navy,4.0,8.0,4.0,2.0,13.0,1.0,,32.0,1.0,1.0,2.0,36.0,36.0,October 2020
ZAMA C/C,22,883,Army,8.0,5.0,4.0,2.0,11.0,3.0,,33.0,1.0,1.0,1.0,36.0,36.0,October 2020
SHA CLUB,22,885,Army,4.0,,1.0,2.0,,,,7.0,1.0,1.0,1.0,10.0,10.0,October 2020
ZAMA B/C,22,886,Army,5.0,,2.0,1.0,,,,8.0,1.0,1.0,1.0,11.0,11.0,October 2020
ROAD HOUSE,22,1127,Marine Corps,7.0,,,,,,,7.0,1.0,1.0,1.0,10.0,10.0,October 2020
SANNO HOTEL,22,2664,Navy,11.0,6.0,4.0,3.0,8.0,,,32.0,1.0,1.0,2.0,36.0,36.0,October 2020
CORNER POCKET C/C,22,3078,Navy,10.0,,2.0,2.0,3.0,,,17.0,1.0,1.0,1.0,20.0,20.0,October 2020
CLUB TRILOGY,22,3079,Navy,10.0,6.0,2.0,2.0,8.0,,,28.0,1.0,1.0,2.0,32.0,32.0,October 2020
ZAMA G/C,22,3165,Army,5.0,4.0,3.0,,3.0,,,15.0,1.0,1.0,17.0,,34.0,October 2020
HAVANA'S,26,967,Army,1.0,,1.0,2.0,1.0,1.0,,6.0,1.0,1.0,1.0,9.0,9.0,October 2020
HASHMARKS,26,1105,Marine Corps,6.0,,6.0,4.0,4.0,,,20.0,1.0,1.0,2.0,24.0,24.0,October 2020
COURTNEY B/C,26,1107,Marine Corps,3.0,,6.0,2.0,2.0,2.0,,15.0,1.0,1.0,2.0,19.0,19.0,October 2020
TAIYO G/C,26,1109,Marine Corps,21.0,9.0,10.0,,11.0,2.0,,53.0,1.0,2.0,2.0,58.0,58.0,October 2020
BUTLER B/C,26,1111,Marine Corps,4.0,4.0,3.0,1.0,9.0,2.0,3.0,26.0,1.0,1.0,2.0,30.0,30.0,October 2020
OCEAN BREEZE,26,1114,Marine Corps,16.0,18.0,16.0,,25.0,3.0,,78.0,1.0,3.0,2.0,84.0,84.0,October 2020
SURFSIDE,26,1122,Marine Corps,6.0,,4.0,,6.0,2.0,,18.0,1.0,1.0,2.0,22.0,22.0,October 2020
PALMS,26,2238,Marine Corps,16.0,8.0,6.0,4.0,10.0,2.0,,46.0,1.0,2.0,2.0,51.0,51.0,October 2020
WEST PAC LODGE,26,2317,Marine Corps,6.0,,4.0,4.0,2.0,,,16.0,1.0,1.0,1.0,19.0,19.0,October 2020
BEACH HEAD,26,2394,Marine Corps,3.0,,5.0,3.0,,,,11.0,1.0,1.0,2.0,15.0,15.0,October 2020
CROW'S NEST,26,2523,Navy,6.0,4.0,2.0,2.0,6.0,,,20.0,1.0,1.0,2.0,24.0,24.0,October 2020
PORT CALL,26,2525,Navy,2.0,,2.0,2.0,,3.0,,9.0,1.0,1.0,2.0,13.0,13.0,October 2020
WHISPERS,26,3159,Marine Corps,4.0,4.0,2.0,,,,,10.0,,1.0,1.0,12.0,12.0,October 2020
HANSEN TLF,26,3169,Marine Corps,2.0,,4.0,2.0,2.0,2.0,,12.0,1.0,1.0,1.0,15.0,15.0,October 2020
STATE'S GRILL,21,866,Army,18.0,14.0,6.0,,8.0,2.0,,48.0,1.0,2.0,2.0,53.0,53.0,October 2020
HILLTOP,21,867,Army,,,,,,,,0.0,,,0.0,,0.0,October 2020
LOS CANTINA,21,869,Army,5.0,,1.0,,,3.0,3.0,12.0,,1.0,2.0,15.0,15.0,October 2020
WINDY CITY,21,870,Army,14.0,,5.0,6.0,,,,25.0,1.0,1.0,2.0,29.0,29.0,October 2020
EL GUERRERO,21,891,Army,16.0,,10.0,,3.0,,,29.0,1.0,1.0,2.0,33.0,33.0,October 2020
TURTLE COVE,21,2521,Navy,4.0,,,5.0,1.0,,,10.0,1.0,1.0,2.0,14.0,14.0,October 2020
GATEWAY CLUB,23,797,Army,9.0,5.0,2.0,,6.0,2.0,,24.0,,,1.0,25.0,25.0,October 2020
WARRIOR'S,23,798,Army,10.0,,2.0,2.0,,,,14.0,1.0,1.0,1.0,17.0,17.0,October 2020
CASEY B/C,23,819,Army,12.0,4.0,2.0,,4.0,2.0,,24.0,1.0,1.0,1.0,27.0,27.0,October 2020
CASEY LODGE,23,1940,Army,6.0,,1.0,2.0,2.0,,,11.0,1.0,1.0,1.0,14.0,14.0,October 2020
FLIGHTLINE,24,3166,Army,8.0,,,,2.0,,,10.0,1.0,1.0,1.0,13.0,13.0,October 2020
CAVE,24,3168,Army,22.0,6.0,5.0,,8.0,,,41.0,1.0,2.0,2.0,46.0,46.0,October 2020
HUMPHREYS B/C,24,839,Army,8.0,4.0,4.0,,4.0,,,20.0,1.0,1.0,2.0,24.0,24.0,October 2020
MORNING CALM,24,3158,Army,15.0,15.0,6.0,,25.0,6.0,,67.0,1.0,2.0,2.0,72.0,72.0,October 2020
IRISH PUB,2,194,Army,14.0,4.0,10.0,,10.0,4.0,,42.0,1.0,2.0,3.0,48.0,48.0,November 2020
LCCC,2,195,Army,10.0,3.0,5.0,,10.0,2.0,,30.0,1.0,2.0,2.0,35.0,35.0,November 2020
KAZABRA,2,196,Army,6.0,,4.0,,,2.0,,12.0,1.0,1.0,1.0,15.0,15.0,November 2020
STRIKERS,2,218,Army,9.0,4.0,7.0,2.0,8.0,3.0,,33.0,1.0,2.0,2.0,38.0,38.0,November 2020
GOLD MINE,2,1038,Army,9.0,4.0,3.0,3.0,3.0,,,22.0,1.0,2.0,2.0,27.0,27.0,November 2020
ROB JAVA CAFE,2,2887,Army,6.0,,3.0,1.0,1.0,1.0,,12.0,1.0,1.0,1.0,15.0,15.0,November 2020
SEMBACH C/C,2,3072,Army,7.0,,2.0,,7.0,3.0,,19.0,1.0,1.0,2.0,23.0,23.0,November 2020
LA PLAZA,43,2600,Navy,13.0,4.0,2.0,,6.0,4.0,,29.0,1.0,1.0,2.0,33.0,33.0,November 2020
ROTA LANES,43,2601,Navy,3.0,,3.0,1.0,5.0,1.0,,13.0,1.0,1.0,1.0,16.0,16.0,November 2020
ROTA FLEET CTR,43,2605,Navy,2.0,,2.0,1.0,,,,5.0,1.0,1.0,1.0,8.0,8.0,November 2020
BOQ,43,2890,Navy,4.0,,3.0,,2.0,1.0,,10.0,1.0,1.0,1.0,13.0,13.0,November 2020
GRAF E/C,46,413,Army,17.0,4.0,7.0,4.0,6.0,,,38.0,1.0,2.0,2.0,43.0,43.0,November 2020
HOHENFELS B/C,46,415,Army,4.0,4.0,4.0,4.0,2.0,,,18.0,1.0,2.0,2.0,23.0,23.0,November 2020
VILSECK B/C,46,417,Army,7.0,,,2.0,4.0,,,13.0,1.0,1.0,1.0,16.0,16.0,November 2020
LANGENBRUCK,46,1858,Army,11.0,4.0,4.0,,15.0,2.0,,36.0,1.0,2.0,2.0,41.0,41.0,November 2020
ALGIERS REC,46,3145,Army,6.0,,2.0,2.0,4.0,,,14.0,1.0,1.0,2.0,18.0,18.0,November 2020
THE VAULT,47,1669,Army,13.0,4.0,7.0,,17.0,2.0,,43.0,1.0,3.0,3.0,50.0,50.0,November 2020
KASTEL KLUB,47,1881,Army,9.0,,5.0,,2.0,1.0,,17.0,1.0,1.0,1.0,20.0,20.0,November 2020
WIESBADEN E/C,47,2976,Army,11.0,4.0,4.0,1.0,4.0,2.0,,26.0,,,1.0,27.0,27.0,November 2020
ACE'S GAME RM,47,3108,Army,6.0,1.0,2.0,,,1.0,,10.0,1.0,1.0,1.0,13.0,13.0,November 2020
YOKOSUKA B/C,18,3146,Navy,8.0,4.0,3.0,,6.0,1.0,,22.0,1.0,1.0,2.0,26.0,26.0,November 2020
CLUB ALLIANCE,18,3147,Navy,7.0,5.0,2.0,1.0,12.0,2.0,,29.0,1.0,1.0,2.0,33.0,33.0,November 2020
CPO CLUB,18,3148,Navy,7.0,,3.0,,1.0,1.0,,12.0,1.0,1.0,2.0,16.0,16.0,November 2020
TAKEMIYA CLUB,18,3149,Navy,3.0,,,1.0,1.0,1.0,,6.0,1.0,1.0,2.0,10.0,10.0,November 2020
OFFICERS CLUB,18,3150,Navy,6.0,,2.0,2.0,1.0,2.0,,13.0,1.0,1.0,2.0,17.0,17.0,November 2020
SEASIDE CLUB,18,3151,Navy,4.0,8.0,4.0,2.0,13.0,1.0,,32.0,1.0,1.0,2.0,36.0,36.0,November 2020
ZAMA C/C,22,883,Army,8.0,5.0,4.0,2.0,8.0,3.0,,30.0,1.0,1.0,1.0,33.0,33.0,November 2020
SHA CLUB,22,885,Army,4.0,,1.0,2.0,,,,7.0,1.0,1.0,1.0,10.0,10.0,November 2020
ZAMA B/C,22,886,Army,5.0,6.0,2.0,1.0,,,,14.0,1.0,1.0,1.0,17.0,17.0,November 2020
ROAD HOUSE,22,1127,Marine Corps,7.0,,,,,,,7.0,1.0,1.0,1.0,10.0,10.0,November 2020
SANNO HOTEL,22,2664,Navy,1.0,,,,,,,1.0,,1.0,2.0,4.0,4.0,November 2020
CORNER POCKET C/C,22,3078,Navy,10.0,,2.0,2.0,3.0,,,17.0,1.0,1.0,1.0,20.0,20.0,November 2020
CLUB TRILOGY,22,3079,Navy,10.0,6.0,2.0,2.0,8.0,,,28.0,1.0,1.0,2.0,32.0,32.0,November 2020
ZAMA G/C,22,3165,Army,5.0,4.0,3.0,,3.0,,,15.0,1.0,1.0,1.0,,18.0,November 2020
HAVANA'S,26,967,Army,1.0,,1.0,2.0,1.0,1.0,,6.0,1.0,1.0,1.0,9.0,9.0,November 2020
HASHMARKS,26,1105,Marine Corps,6.0,,6.0,4.0,4.0,,,20.0,1.0,1.0,2.0,24.0,24.0,November 2020
COURTNEY B/C,26,1107,Marine Corps,3.0,,6.0,2.0,2.0,2.0,,15.0,1.0,1.0,2.0,19.0,19.0,November 2020
TAIYO G/C,26,1109,Marine Corps,21.0,9.0,10.0,,11.0,2.0,,53.0,1.0,2.0,2.0,58.0,58.0,November 2020
BUTLER B/C,26,1111,Marine Corps,4.0,4.0,3.0,1.0,9.0,2.0,3.0,26.0,1.0,1.0,2.0,30.0,30.0,November 2020
OCEAN BREEZE,26,1114,Marine Corps,16.0,18.0,14.0,,25.0,3.0,,76.0,1.0,3.0,2.0,82.0,82.0,November 2020
SURFSIDE,26,1122,Marine Corps,6.0,,4.0,,6.0,2.0,,18.0,1.0,1.0,2.0,22.0,22.0,November 2020
PALMS,26,2238,Marine Corps,16.0,8.0,6.0,4.0,10.0,2.0,,46.0,1.0,2.0,2.0,51.0,51.0,November 2020
WEST PAC LODGE,26,2317,Marine Corps,6.0,,4.0,4.0,2.0,,,16.0,1.0,1.0,1.0,19.0,19.0,November 2020
BEACH HEAD,26,2394,Marine Corps,3.0,,5.0,3.0,,,,11.0,1.0,1.0,2.0,15.0,15.0,November 2020
CROW'S NEST,26,2523,Navy,6.0,4.0,2.0,2.0,6.0,,,20.0,1.0,1.0,2.0,24.0,24.0,November 2020
PORT CALL,26,2525,Navy,2.0,,2.0,2.0,,3.0,,9.0,1.0,1.0,2.0,13.0,13.0,November 2020
WHISPERS,26,3159,Marine Corps,4.0,4.0,2.0,,,,,10.0,,1.0,1.0,12.0,12.0,November 2020
HANSEN TLF,26,3169,Marine Corps,2.0,,4.0,2.0,2.0,2.0,,12.0,1.0,1.0,1.0,15.0,15.0,November 2020
STATE'S GRILL,21,866,Army,18.0,14.0,6.0,,8.0,2.0,,48.0,1.0,2.0,2.0,53.0,53.0,November 2020
HILLTOP,21,867,Army,,,,,,,,0.0,,,0.0,,0.0,November 2020
LOS CANTINA,21,869,Army,5.0,,1.0,,,3.0,3.0,12.0,,1.0,2.0,15.0,15.0,November 2020
WINDY CITY,21,870,Army,14.0,,5.0,6.0,,,,25.0,1.0,1.0,2.0,29.0,29.0,November 2020
EL GUERRERO,21,891,Army,16.0,,10.0,,3.0,,,29.0,1.0,1.0,2.0,33.0,33.0,November 2020
TURTLE COVE,21,2521,Navy,4.0,,,5.0,1.0,,,10.0,1.0,1.0,2.0,14.0,14.0,November 2020
GATEWAY CLUB,23,797,Army,9.0,5.0,2.0,,6.0,2.0,,24.0,,,1.0,25.0,25.0,November 2020
WARRIOR'S,23,798,Army,10.0,,2.0,2.0,,,,14.0,1.0,1.0,1.0,17.0,17.0,November 2020
CASEY B/C,23,819,Army,12.0,4.0,2.0,,4.0,2.0,,24.0,1.0,1.0,1.0,27.0,27.0,November 2020
CASEY LODGE,23,1940,Army,6.0,,1.0,2.0,2.0,,,11.0,1.0,1.0,1.0,14.0,14.0,November 2020
FLIGHTLINE,24,3166,Army,8.0,,,,2.0,,,10.0,1.0,1.0,1.0,13.0,13.0,November 2020
CAVE,24,3168,Army,22.0,6.0,5.0,,8.0,,,41.0,1.0,2.0,2.0,46.0,46.0,November 2020
HUMPHREYS B/C,24,839,Army,8.0,4.0,4.0,,4.0,,,20.0,1.0,1.0,2.0,24.0,24.0,November 2020
MORNING CALM,24,3158,Army,15.0,15.0,6.0,,25.0,6.0,,67.0,1.0,2.0,2.0,72.0,72.0,November 2020
IRISH PUB,2,194,Army,14.0,4.0,10.0,,10.0,4.0,,42.0,1.0,2.0,3.0,48.0,48.0,December 2020
LCCC,2,195,Army,10.0,3.0,5.0,,10.0,2.0,,30.0,1.0,2.0,2.0,35.0,35.0,December 2020
KAZABRA,2,196,Army,6.0,,4.0,,,2.0,,12.0,1.0,1.0,1.0,15.0,15.0,December 2020
STRIKERS,2,218,Army,9.0,4.0,7.0,2.0,8.0,3.0,,33.0,1.0,2.0,2.0,38.0,38.0,December 2020
GOLD MINE,2,1038,Army,9.0,4.0,3.0,3.0,3.0,,,22.0,1.0,2.0,2.0,27.0,27.0,December 2020
ROB JAVA CAFE,2,2887,Army,6.0,,3.0,1.0,1.0,1.0,,12.0,1.0,1.0,1.0,15.0,15.0,December 2020
SEMBACH C/C,2,3072,Army,7.0,,2.0,,7.0,3.0,,19.0,1.0,1.0,2.0,23.0,23.0,December 2020
LA PLAZA,43,2600,Navy,13.0,4.0,2.0,,6.0,4.0,,29.0,1.0,1.0,2.0,33.0,33.0,December 2020
ROTA LANES,43,2601,Navy,3.0,,3.0,1.0,5.0,1.0,,13.0,1.0,1.0,1.0,16.0,16.0,December 2020
ROTA FLEET CTR,43,2605,Navy,2.0,,2.0,1.0,,,,5.0,1.0,1.0,1.0,8.0,8.0,December 2020
BOQ,43,2890,Navy,4.0,,3.0,,2.0,1.0,,10.0,1.0,1.0,1.0,13.0,13.0,December 2020
GRAF E/C,46,413,Army,17.0,4.0,7.0,4.0,6.0,,,38.0,1.0,2.0,2.0,43.0,43.0,December 2020
HOHENFELS B/C,46,415,Army,4.0,4.0,4.0,4.0,2.0,,,18.0,1.0,2.0,2.0,23.0,23.0,December 2020
VILSECK B/C,46,417,Army,7.0,,,2.0,4.0,,,13.0,1.0,1.0,1.0,16.0,16.0,December 2020
LANGENBRUCK,46,1858,Army,11.0,4.0,4.0,,15.0,2.0,,36.0,1.0,2.0,2.0,41.0,41.0,December 2020
ALGIERS REC,46,3145,Army,6.0,,2.0,2.0,4.0,,,14.0,1.0,1.0,2.0,18.0,18.0,December 2020
THE VAULT,47,1669,Army,13.0,4.0,7.0,,17.0,2.0,,43.0,1.0,3.0,3.0,50.0,50.0,December 2020
KASTEL KLUB,47,1881,Army,9.0,,5.0,,2.0,1.0,,17.0,1.0,1.0,1.0,20.0,20.0,December 2020
WIESBADEN E/C,47,2976,Army,11.0,4.0,4.0,1.0,4.0,2.0,,26.0,,,1.0,27.0,27.0,December 2020
ACE'S GAME RM,47,3108,Army,6.0,1.0,2.0,,,1.0,,10.0,1.0,1.0,1.0,13.0,13.0,December 2020
YOKOSUKA B/C,18,3146,Navy,8.0,4.0,3.0,,6.0,1.0,,22.0,1.0,1.0,2.0,26.0,26.0,December 2020
CLUB ALLIANCE,18,3147,Navy,7.0,5.0,2.0,1.0,12.0,2.0,,29.0,1.0,1.0,2.0,33.0,33.0,December 2020
CPO CLUB,18,3148,Navy,7.0,,3.0,,1.0,1.0,,12.0,1.0,1.0,2.0,16.0,16.0,December 2020
TAKEMIYA CLUB,18,3149,Navy,3.0,,,1.0,1.0,1.0,,6.0,1.0,1.0,2.0,10.0,10.0,December 2020
OFFICERS CLUB,18,3150,Navy,6.0,,2.0,2.0,1.0,2.0,,13.0,1.0,1.0,2.0,17.0,17.0,December 2020
SEASIDE CLUB,18,3151,Navy,4.0,8.0,4.0,2.0,13.0,1.0,,32.0,1.0,1.0,2.0,36.0,36.0,December 2020
ZAMA C/C,22,883,Army,8.0,5.0,4.0,2.0,8.0,3.0,,30.0,1.0,1.0,1.0,33.0,33.0,December 2020
SHA CLUB,22,885,Army,4.0,,1.0,2.0,,,,7.0,1.0,1.0,1.0,10.0,10.0,December 2020
ZAMA B/C,22,886,Army,5.0,,2.0,1.0,,,,8.0,1.0,1.0,1.0,11.0,11.0,December 2020
ROAD HOUSE,22,1127,Marine Corps,7.0,,,,,,,7.0,1.0,1.0,1.0,10.0,10.0,December 2020
SANNO HOTEL,22,2664,Navy,12.0,6.0,4.0,2.0,8.0,,,32.0,1.0,1.0,2.0,36.0,36.0,December 2020
CORNER POCKET C/C,22,3078,Navy,10.0,,2.0,2.0,3.0,,,17.0,1.0,1.0,1.0,20.0,20.0,December 2020
CLUB TRILOGY,22,3079,Navy,10.0,6.0,2.0,2.0,8.0,,,28.0,1.0,1.0,2.0,32.0,32.0,December 2020
ZAMA G/C,22,3165,Army,5.0,4.0,3.0,,3.0,,,15.0,1.0,1.0,1.0,,18.0,December 2020
HAVANA'S,26,967,Army,1.0,,1.0,2.0,1.0,1.0,,6.0,1.0,1.0,1.0,9.0,9.0,December 2020
HASHMARKS,26,1105,Marine Corps,6.0,,6.0,4.0,4.0,,,20.0,1.0,1.0,2.0,24.0,24.0,December 2020
COURTNEY B/C,26,1107,Marine Corps,3.0,,6.0,2.0,2.0,2.0,,15.0,1.0,1.0,2.0,19.0,19.0,December 2020
TAIYO G/C,26,1109,Marine Corps,21.0,9.0,10.0,,11.0,2.0,,53.0,1.0,2.0,2.0,58.0,58.0,December 2020
BUTLER B/C,26,1111,Marine Corps,4.0,4.0,3.0,1.0,9.0,2.0,3.0,26.0,1.0,1.0,2.0,30.0,30.0,December 2020
OCEAN BREEZE,26,1114,Marine Corps,16.0,18.0,14.0,,25.0,3.0,,76.0,1.0,3.0,2.0,82.0,82.0,December 2020
SURFSIDE,26,1122,Marine Corps,6.0,,4.0,,6.0,2.0,,18.0,1.0,1.0,2.0,22.0,22.0,December 2020
PALMS,26,2238,Marine Corps,16.0,8.0,6.0,4.0,11.0,2.0,,47.0,1.0,2.0,2.0,52.0,52.0,December 2020
WEST PAC LODGE,26,2317,Marine Corps,6.0,,4.0,4.0,2.0,,,16.0,1.0,1.0,1.0,19.0,19.0,December 2020
BEACH HEAD,26,2394,Marine Corps,3.0,,5.0,3.0,,,,11.0,1.0,1.0,2.0,15.0,15.0,December 2020
CROW'S NEST,26,2523,Navy,6.0,4.0,2.0,2.0,6.0,,,20.0,1.0,1.0,2.0,24.0,24.0,December 2020
PORT CALL,26,2525,Navy,2.0,,2.0,2.0,,3.0,,9.0,1.0,1.0,2.0,13.0,13.0,December 2020
WHISPERS,26,3159,Marine Corps,4.0,4.0,2.0,,,,,10.0,,1.0,1.0,12.0,12.0,December 2020
HANSEN TLF,26,3169,Marine Corps,2.0,,4.0,2.0,2.0,2.0,,12.0,1.0,1.0,1.0,15.0,15.0,December 2020
STATE'S GRILL,21,866,Army,18.0,14.0,6.0,,8.0,2.0,,48.0,1.0,2.0,2.0,53.0,53.0,December 2020
HILLTOP,21,867,Army,,,,,,,,0.0,,,0.0,,0.0,December 2020
LOS CANTINA,21,869,Army,5.0,,1.0,,,3.0,3.0,12.0,,1.0,2.0,15.0,15.0,December 2020
WINDY CITY,21,870,Army,14.0,,5.0,6.0,,,,25.0,1.0,1.0,2.0,29.0,29.0,December 2020
EL GUERRERO,21,891,Army,16.0,,10.0,,3.0,,,29.0,1.0,1.0,2.0,33.0,33.0,December 2020
TURTLE COVE,21,2521,Navy,4.0,,,5.0,1.0,,,10.0,1.0,1.0,2.0,14.0,14.0,December 2020
GATEWAY CLUB,23,797,Army,9.0,5.0,2.0,,6.0,2.0,,24.0,,,1.0,25.0,25.0,December 2020
WARRIOR'S,23,798,Army,10.0,,2.0,2.0,,,,14.0,1.0,1.0,1.0,17.0,17.0,December 2020
CASEY B/C,23,819,Army,12.0,4.0,2.0,,4.0,2.0,,24.0,1.0,1.0,1.0,27.0,27.0,December 2020
CASEY LODGE,23,1940,Army,6.0,,1.0,2.0,2.0,,,11.0,1.0,1.0,1.0,14.0,14.0,December 2020
FLIGHTLINE,24,3166,Army,8.0,,,,2.0,,,10.0,1.0,1.0,1.0,13.0,13.0,December 2020
CAVE,24,3168,Army,22.0,6.0,5.0,,8.0,,,41.0,1.0,2.0,2.0,46.0,46.0,December 2020
HUMPHREYS B/C,24,839,Army,8.0,4.0,4.0,,4.0,,,20.0,1.0,1.0,2.0,24.0,24.0,December 2020
MORNING CALM,24,3158,Army,15.0,15.0,6.0,,25.0,6.0,,67.0,1.0,2.0,2.0,72.0,72.0,December 2020
IRISH PUB,2,194,Army,14.0,4.0,10.0,,10.0,4.0,,42.0,1.0,2.0,3.0,48.0,48.0,January 2021
LCCC,2,195,Army,10.0,3.0,5.0,,10.0,2.0,,30.0,1.0,2.0,2.0,35.0,35.0,January 2021
KAZABRA,2,196,Army,6.0,,4.0,,,2.0,,12.0,1.0,1.0,1.0,15.0,15.0,January 2021
STRIKERS,2,218,Army,9.0,4.0,7.0,2.0,8.0,3.0,,33.0,1.0,2.0,2.0,38.0,38.0,January 2021
GOLD MINE,2,1038,Army,9.0,4.0,3.0,3.0,3.0,,,22.0,1.0,2.0,2.0,27.0,27.0,January 2021
ROB JAVA CAFE,2,2887,Army,6.0,,3.0,1.0,1.0,1.0,,12.0,1.0,1.0,1.0,15.0,15.0,January 2021
SEMBACH C/C,2,3072,Army,7.0,,2.0,,7.0,3.0,,19.0,1.0,1.0,2.0,23.0,23.0,January 2021
LA PLAZA,43,2600,Navy,13.0,4.0,2.0,,6.0,4.0,,29.0,1.0,1.0,2.0,33.0,33.0,January 2021
ROTA LANES,43,2601,Navy,3.0,,3.0,1.0,5.0,1.0,,13.0,1.0,1.0,1.0,16.0,16.0,January 2021
ROTA FLEET CTR,43,2605,Navy,2.0,,2.0,1.0,,,,5.0,1.0,1.0,1.0,8.0,8.0,January 2021
BOQ,43,2890,Navy,4.0,,3.0,,2.0,1.0,,10.0,1.0,1.0,1.0,13.0,13.0,January 2021
GRAF E/C,46,413,Army,17.0,4.0,7.0,4.0,6.0,,,38.0,1.0,2.0,2.0,43.0,43.0,January 2021
HOHENFELS B/C,46,415,Army,4.0,4.0,4.0,4.0,2.0,,,18.0,1.0,2.0,2.0,23.0,23.0,January 2021
VILSECK B/C,46,417,Army,7.0,,,2.0,4.0,,,13.0,1.0,1.0,1.0,16.0,16.0,January 2021
LANGENBRUCK,46,1858,Army,11.0,4.0,4.0,,15.0,2.0,,36.0,1.0,2.0,2.0,41.0,41.0,January 2021
ALGIERS REC,46,3145,Army,6.0,,2.0,2.0,4.0,,,14.0,1.0,1.0,2.0,18.0,18.0,January 2021
THE VAULT,47,1669,Army,13.0,4.0,7.0,,17.0,2.0,,43.0,1.0,3.0,3.0,50.0,50.0,January 2021
KASTEL KLUB,47,1881,Army,9.0,,5.0,,2.0,1.0,,17.0,1.0,1.0,1.0,20.0,20.0,January 2021
WIESBADEN E/C,47,2976,Army,9.0,4.0,4.0,1.0,6.0,2.0,,26.0,,,1.0,27.0,27.0,January 2021
ACE'S GAME RM,47,3108,Army,6.0,1.0,2.0,,,1.0,,10.0,1.0,1.0,1.0,13.0,13.0,January 2021
YOKOSUKA B/C,18,3146,Navy,8.0,4.0,3.0,,6.0,1.0,,22.0,1.0,1.0,2.0,26.0,26.0,January 2021
CLUB ALLIANCE,18,3147,Navy,7.0,5.0,2.0,1.0,12.0,2.0,,29.0,1.0,1.0,2.0,33.0,33.0,January 2021
CPO CLUB,18,3148,Navy,7.0,,3.0,,1.0,1.0,,12.0,1.0,1.0,2.0,16.0,16.0,January 2021
TAKEMIYA CLUB,18,3149,Navy,3.0,,,1.0,1.0,1.0,,6.0,1.0,1.0,2.0,10.0,10.0,January 2021
OFFICERS CLUB,18,3150,Navy,6.0,,2.0,2.0,1.0,2.0,,13.0,1.0,1.0,2.0,17.0,17.0,January 2021
SEASIDE CLUB,18,3151,Navy,4.0,8.0,4.0,2.0,13.0,1.0,,32.0,1.0,1.0,2.0,36.0,36.0,January 2021
ZAMA C/C,22,883,Army,8.0,5.0,4.0,2.0,8.0,3.0,,30.0,1.0,1.0,1.0,33.0,33.0,January 2021
SHA CLUB,22,885,Army,4.0,,1.0,2.0,,,,7.0,1.0,1.0,1.0,10.0,10.0,January 2021
ZAMA B/C,22,886,Army,5.0,,2.0,1.0,,,,8.0,1.0,1.0,1.0,11.0,11.0,January 2021
ROAD HOUSE,22,1127,Marine Corps,7.0,,,,,,,7.0,1.0,1.0,1.0,10.0,10.0,January 2021
SANNO HOTEL,22,2664,Navy,12.0,6.0,4.0,2.0,8.0,,,32.0,1.0,1.0,2.0,36.0,36.0,January 2021
CORNER POCKET C/C,22,3078,Navy,10.0,,2.0,2.0,3.0,,,17.0,1.0,1.0,1.0,20.0,20.0,January 2021
CLUB TRILOGY,22,3079,Navy,10.0,6.0,2.0,2.0,8.0,,,28.0,1.0,1.0,2.0,32.0,32.0,January 2021
ZAMA G/C,22,3165,Army,5.0,4.0,3.0,,3.0,,,15.0,1.0,1.0,1.0,18.0,18.0,January 2021
HAVANA'S,26,967,Army,1.0,,1.0,2.0,1.0,1.0,,6.0,1.0,1.0,1.0,9.0,9.0,January 2021
HASHMARKS,26,1105,Marine Corps,6.0,,6.0,4.0,4.0,,,20.0,1.0,1.0,2.0,24.0,24.0,January 2021
COURTNEY B/C,26,1107,Marine Corps,3.0,,6.0,2.0,2.0,2.0,,15.0,1.0,1.0,2.0,19.0,19.0,January 2021
TAIYO G/C,26,1109,Marine Corps,21.0,9.0,10.0,,11.0,2.0,,53.0,1.0,2.0,2.0,58.0,58.0,January 2021
BUTLER B/C,26,1111,Marine Corps,4.0,4.0,3.0,1.0,9.0,2.0,3.0,26.0,1.0,1.0,2.0,30.0,30.0,January 2021
OCEAN BREEZE,26,1114,Marine Corps,16.0,18.0,14.0,,24.0,4.0,,76.0,1.0,3.0,2.0,82.0,82.0,January 2021
SURFSIDE,26,1122,Marine Corps,6.0,,4.0,,6.0,2.0,,18.0,1.0,1.0,2.0,22.0,22.0,January 2021
PALMS,26,2238,Marine Corps,16.0,8.0,6.0,4.0,11.0,2.0,,47.0,1.0,2.0,2.0,52.0,52.0,January 2021
WEST PAC LODGE,26,2317,Marine Corps,6.0,,4.0,4.0,2.0,,,16.0,1.0,1.0,1.0,19.0,19.0,January 2021
BEACH HEAD,26,2394,Marine Corps,3.0,,5.0,3.0,,,,11.0,1.0,1.0,2.0,15.0,15.0,January 2021
CROW'S NEST,26,2523,Navy,6.0,4.0,2.0,2.0,6.0,,,20.0,1.0,1.0,2.0,24.0,24.0,January 2021
PORT CALL,26,2525,Navy,2.0,,2.0,2.0,,3.0,,9.0,1.0,1.0,2.0,13.0,13.0,January 2021
WHISPERS,26,3159,Marine Corps,4.0,4.0,2.0,,,,,10.0,,1.0,1.0,12.0,12.0,January 2021
HANSEN TLF,26,3169,Marine Corps,2.0,,4.0,2.0,2.0,2.0,,12.0,1.0,1.0,1.0,15.0,15.0,January 2021
STATE'S GRILL,21,866,Army,12.0,4.0,5.0,,,2.0,,23.0,1.0,1.0,2.0,27.0,27.0,January 2021
HILLTOP,21,867,Army,7.0,10.0,2.0,,8.0,2.0,,29.0,1.0,1.0,2.0,33.0,33.0,January 2021
LOS CANTINA,21,869,Army,5.0,,1.0,,,3.0,3.0,12.0,,1.0,2.0,15.0,15.0,January 2021
WINDY CITY,21,870,Army,14.0,,4.0,6.0,,,,24.0,1.0,1.0,2.0,28.0,28.0,January 2021
EL GUERRERO,21,891,Army,16.0,,10.0,,3.0,,,29.0,1.0,1.0,2.0,33.0,33.0,January 2021
TURTLE COVE,21,2521,Navy,4.0,,,5.0,1.0,,,10.0,1.0,1.0,2.0,14.0,14.0,January 2021
GATEWAY CLUB,23,797,Army,9.0,5.0,2.0,,6.0,2.0,,24.0,,,1.0,25.0,25.0,January 2021
WARRIOR'S,23,798,Army,10.0,,2.0,2.0,,,,14.0,1.0,1.0,1.0,17.0,17.0,January 2021
CASEY B/C,23,819,Army,12.0,4.0,2.0,,4.0,2.0,,24.0,1.0,1.0,1.0,27.0,27.0,January 2021
CASEY LODGE,23,1940,Army,6.0,,1.0,2.0,2.0,,,11.0,1.0,1.0,1.0,14.0,14.0,January 2021
FLIGHTLINE,24,3166,Army,8.0,,,,2.0,,,10.0,1.0,1.0,1.0,13.0,13.0,January 2021
CAVE,24,3168,Army,22.0,6.0,5.0,,8.0,,,41.0,1.0,2.0,2.0,46.0,46.0,January 2021
HUMPHREYS B/C,24,839,Army,8.0,4.0,4.0,,4.0,,,20.0,1.0,1.0,2.0,24.0,24.0,January 2021
MORNING CALM,24,3158,Army,15.0,15.0,6.0,,25.0,6.0,,67.0,1.0,2.0,2.0,72.0,72.0,January 2021
IRISH PUB,2,194,Army,14.0,4.0,10.0,,10.0,4.0,,42.0,1.0,2.0,3.0,48.0,48.0,February 2021
LCCC,2,195,Army,10.0,3.0,5.0,,10.0,2.0,,30.0,1.0,2.0,2.0,35.0,35.0,February 2021
KAZABRA,2,196,Army,6.0,,4.0,,,2.0,,12.0,1.0,1.0,1.0,15.0,15.0,February 2021
STRIKERS,2,218,Army,9.0,4.0,7.0,2.0,8.0,3.0,,33.0,1.0,2.0,2.0,38.0,38.0,February 2021
GOLD MINE,2,1038,Army,9.0,4.0,3.0,3.0,3.0,,,22.0,1.0,2.0,2.0,27.0,27.0,February 2021
ROB JAVA CAFE,2,2887,Army,6.0,,3.0,1.0,1.0,1.0,,12.0,1.0,1.0,1.0,15.0,15.0,February 2021
SEMBACH C/C,2,3072,Army,7.0,,2.0,,7.0,3.0,,19.0,1.0,1.0,2.0,23.0,23.0,February 2021
LA PLAZA,43,2600,Navy,13.0,4.0,2.0,,6.0,4.0,,29.0,1.0,1.0,2.0,33.0,33.0,February 2021
ROTA LANES,43,2601,Navy,3.0,,3.0,1.0,5.0,1.0,,13.0,1.0,1.0,1.0,16.0,16.0,February 2021
ROTA FLEET CTR,43,2605,Navy,2.0,,2.0,1.0,,,,5.0,1.0,1.0,1.0,8.0,8.0,February 2021
BOQ,43,2890,Navy,4.0,,3.0,,2.0,1.0,,10.0,1.0,1.0,1.0,13.0,13.0,February 2021
GRAF E/C,46,413,Army,15.0,4.0,5.0,4.0,6.0,,,34.0,1.0,2.0,2.0,39.0,39.0,February 2021
HOHENFELS B/C,46,415,Army,4.0,4.0,4.0,4.0,2.0,,,18.0,1.0,2.0,2.0,23.0,23.0,February 2021
VILSECK B/C,46,417,Army,7.0,,,2.0,4.0,,,13.0,1.0,1.0,1.0,16.0,16.0,February 2021
LANGENBRUCK,46,1858,Army,13.0,4.0,4.0,,15.0,,,36.0,1.0,2.0,2.0,41.0,41.0,February 2021
ALGIERS REC,46,3145,Army,6.0,,2.0,2.0,4.0,,,14.0,1.0,1.0,2.0,18.0,18.0,February 2021
THE VAULT,47,1669,Army,10.0,4.0,5.0,,11.0,2.0,,32.0,1.0,3.0,3.0,39.0,39.0,February 2021
KASTEL KLUB,47,1881,Army,7.0,,7.0,,5.0,1.0,,20.0,1.0,1.0,1.0,23.0,23.0,February 2021
WIESBADEN E/C,47,2976,Army,9.0,4.0,4.0,1.0,6.0,2.0,,26.0,,,1.0,27.0,27.0,February 2021
ACE'S GAME RM,47,3108,Army,6.0,1.0,2.0,,,1.0,,10.0,1.0,1.0,1.0,13.0,13.0,February 2021
YOKOSUKA B/C,18,3146,Navy,8.0,4.0,3.0,,6.0,1.0,,22.0,1.0,1.0,2.0,26.0,26.0,February 2021
CLUB ALLIANCE,18,3147,Navy,7.0,5.0,2.0,1.0,12.0,2.0,,29.0,1.0,1.0,2.0,33.0,33.0,February 2021
CPO CLUB,18,3148,Navy,7.0,,3.0,,1.0,1.0,,12.0,1.0,1.0,2.0,16.0,16.0,February 2021
TAKEMIYA CLUB,18,3149,Navy,3.0,,,1.0,1.0,1.0,,6.0,1.0,1.0,2.0,10.0,10.0,February 2021
OFFICERS CLUB,18,3150,Navy,6.0,,2.0,2.0,1.0,2.0,,13.0,1.0,1.0,2.0,17.0,17.0,February 2021
SEASIDE CLUB,18,3151,Navy,4.0,8.0,4.0,2.0,13.0,1.0,,32.0,1.0,1.0,2.0,36.0,36.0,February 2021
ZAMA C/C,22,883,Army,8.0,5.0,4.0,2.0,8.0,3.0,,30.0,1.0,1.0,1.0,33.0,33.0,February 2021
SHA CLUB,22,885,Army,4.0,,1.0,2.0,,,,7.0,1.0,1.0,1.0,10.0,10.0,February 2021
ZAMA B/C,22,886,Army,5.0,,2.0,1.0,,,,8.0,1.0,1.0,1.0,11.0,11.0,February 2021
ROAD HOUSE,22,1127,Marine Corps,7.0,,,,,,,7.0,1.0,1.0,1.0,10.0,10.0,February 2021
SANNO HOTEL,22,2664,Navy,12.0,6.0,4.0,2.0,8.0,,,32.0,1.0,1.0,2.0,36.0,36.0,February 2021
CORNER POCKET C/C,22,3078,Navy,10.0,,2.0,2.0,3.0,,,17.0,1.0,1.0,1.0,20.0,20.0,February 2021
CLUB TRILOGY,22,3079,Navy,10.0,6.0,2.0,2.0,8.0,,,28.0,1.0,1.0,2.0,32.0,32.0,February 2021
ZAMA G/C,22,3165,Army,5.0,4.0,3.0,,3.0,,,15.0,1.0,1.0,1.0,18.0,18.0,February 2021
HAVANA'S,26,967,Army,1.0,,1.0,2.0,1.0,1.0,,6.0,1.0,1.0,1.0,9.0,9.0,February 2021
HASHMARKS,26,1105,Marine Corps,6.0,,6.0,4.0,4.0,,,20.0,1.0,1.0,2.0,24.0,24.0,February 2021
COURTNEY B/C,26,1107,Marine Corps,3.0,,6.0,2.0,2.0,2.0,,15.0,1.0,1.0,2.0,19.0,19.0,February 2021
TAIYO G/C,26,1109,Marine Corps,21.0,9.0,10.0,,11.0,2.0,,53.0,1.0,2.0,2.0,58.0,58.0,February 2021
BUTLER B/C,26,1111,Marine Corps,4.0,4.0,3.0,1.0,9.0,2.0,3.0,26.0,1.0,1.0,2.0,30.0,30.0,February 2021
OCEAN BREEZE,26,1114,Marine Corps,16.0,18.0,14.0,,24.0,4.0,,76.0,1.0,3.0,2.0,82.0,82.0,February 2021
SURFSIDE,26,1122,Marine Corps,6.0,,4.0,,6.0,2.0,,18.0,1.0,1.0,2.0,22.0,22.0,February 2021
PALMS,26,2238,Marine Corps,16.0,8.0,6.0,4.0,11.0,2.0,,47.0,1.0,2.0,2.0,52.0,52.0,February 2021
WEST PAC LODGE,26,2317,Marine Corps,6.0,,4.0,4.0,2.0,,,16.0,1.0,1.0,1.0,19.0,19.0,February 2021
BEACH HEAD,26,2394,Marine Corps,3.0,,5.0,3.0,,,,11.0,1.0,1.0,2.0,15.0,15.0,February 2021
CROW'S NEST,26,2523,Navy,6.0,4.0,2.0,2.0,6.0,,,20.0,1.0,1.0,2.0,24.0,24.0,February 2021
PORT CALL,26,2525,Navy,2.0,,2.0,2.0,,3.0,,9.0,1.0,1.0,2.0,13.0,13.0,February 2021
WHISPERS,26,3159,Marine Corps,4.0,4.0,2.0,,,,,10.0,,1.0,1.0,12.0,12.0,February 2021
HANSEN TLF,26,3169,Marine Corps,2.0,,4.0,2.0,2.0,2.0,,12.0,1.0,1.0,1.0,15.0,15.0,February 2021
STATE'S GRILL,21,866,Army,12.0,4.0,5.0,,,2.0,,23.0,1.0,1.0,2.0,27.0,27.0,February 2021
HILLTOP,21,867,Army,7.0,10.0,2.0,,8.0,2.0,,29.0,1.0,1.0,2.0,33.0,33.0,February 2021
LOS CANTINA,21,869,Army,5.0,,1.0,,,3.0,3.0,12.0,,1.0,2.0,15.0,15.0,February 2021
WINDY CITY,21,870,Army,14.0,,4.0,6.0,,,,24.0,1.0,1.0,2.0,28.0,28.0,February 2021
EL GUERRERO,21,891,Army,16.0,,10.0,,3.0,,,29.0,1.0,1.0,2.0,33.0,33.0,February 2021
TURTLE COVE,21,2521,Navy,4.0,,,5.0,1.0,,,10.0,1.0,1.0,2.0,14.0,14.0,February 2021
GATEWAY CLUB,23,797,Army,9.0,5.0,2.0,,6.0,2.0,,24.0,,,1.0,25.0,25.0,February 2021
WARRIOR'S,23,798,Army,10.0,,2.0,2.0,,,,14.0,1.0,1.0,1.0,17.0,17.0,February 2021
CASEY B/C,23,819,Army,12.0,4.0,2.0,,4.0,2.0,,24.0,1.0,1.0,1.0,27.0,27.0,February 2021
CASEY LODGE,23,1940,Army,6.0,,1.0,2.0,2.0,,,11.0,1.0,1.0,1.0,14.0,14.0,February 2021
FLIGHTLINE,24,3166,Army,8.0,,,,2.0,,,10.0,1.0,1.0,1.0,13.0,13.0,February 2021
CAVE,24,3168,Army,22.0,6.0,5.0,,8.0,,,41.0,1.0,2.0,2.0,46.0,46.0,February 2021
HUMPHREYS B/C,24,839,Army,8.0,4.0,4.0,,4.0,,,20.0,1.0,1.0,2.0,24.0,24.0,February 2021
MORNING CALM,24,3158,Army,15.0,15.0,6.0,,25.0,6.0,,67.0,1.0,2.0,2.0,72.0,72.0,February 2021
IRISH PUB,2,194,Army,16.0,4.0,10.0,,13.0,4.0,,47.0,1.0,2.0,3.0,53.0,53.0,March 2021
LCCC,2,195,Army,10.0,3.0,5.0,,10.0,2.0,,30.0,1.0,2.0,2.0,35.0,35.0,March 2021
KAZABRA,2,196,Army,6.0,,4.0,,,2.0,,12.0,1.0,1.0,1.0,15.0,15.0,March 2021
STRIKERS,2,218,Army,9.0,4.0,7.0,2.0,8.0,3.0,,33.0,1.0,2.0,2.0,38.0,38.0,March 2021
GOLD MINE,2,1038,Army,9.0,4.0,3.0,3.0,3.0,,,22.0,1.0,2.0,2.0,27.0,27.0,March 2021
ROB JAVA CAFE,2,2887,Army,,,,,,,,,1.0,,,1.0,1.0,March 2021
SEMBACH C/C,2,3072,Army,7.0,,2.0,,7.0,3.0,,19.0,1.0,2.0,2.0,24.0,24.0,March 2021
EDO_CARD_LAB,2,3170,Army,6.0,,3.0,1.0,1.0,1.0,,12.0,1.0,1.0,1.0,15.0,15.0,March 2021
LA PLAZA,43,2600,Navy,13.0,4.0,2.0,,6.0,4.0,,29.0,1.0,1.0,2.0,33.0,33.0,March 2021
ROTA LANES,43,2601,Navy,3.0,,3.0,1.0,5.0,1.0,,13.0,1.0,1.0,1.0,16.0,16.0,March 2021
ROTA FLEET CTR,43,2605,Navy,2.0,,2.0,1.0,,,,5.0,1.0,1.0,1.0,8.0,8.0,March 2021
BOQ,43,2890,Navy,4.0,,3.0,,2.0,1.0,,10.0,1.0,1.0,1.0,13.0,13.0,March 2021
GRAF E/C,46,413,Army,15.0,4.0,5.0,4.0,6.0,2.0,,36.0,1.0,2.0,2.0,41.0,41.0,March 2021
HOHENFELS B/C,46,415,Army,4.0,4.0,6.0,,4.0,,,18.0,1.0,2.0,2.0,23.0,23.0,March 2021
VILSECK B/C,46,417,Army,7.0,,,2.0,4.0,,,13.0,1.0,1.0,1.0,16.0,16.0,March 2021
LANGENBRUCK,46,1858,Army,13.0,4.0,4.0,,15.0,,,36.0,1.0,2.0,2.0,41.0,41.0,March 2021
ALGIERS REC,46,3145,Army,6.0,,2.0,2.0,4.0,,,14.0,1.0,1.0,2.0,18.0,18.0,March 2021
THE VAULT,47,1669,Army,10.0,4.0,5.0,,11.0,2.0,,32.0,1.0,2.0,2.0,37.0,37.0,March 2021
KASTEL KLUB,47,1881,Army,7.0,,7.0,,5.0,1.0,,20.0,1.0,1.0,1.0,23.0,23.0,March 2021
WIESBADEN E/C,47,2976,Army,9.0,4.0,4.0,1.0,6.0,2.0,,26.0,,,1.0,27.0,27.0,March 2021
ACE'S GAME RM,47,3108,Army,6.0,1.0,2.0,,,1.0,,10.0,1.0,1.0,1.0,13.0,13.0,March 2021
YOKOSUKA B/C,18,3146,Navy,8.0,4.0,3.0,,6.0,1.0,,22.0,1.0,1.0,2.0,26.0,26.0,March 2021
CLUB ALLIANCE,18,3147,Navy,7.0,5.0,2.0,1.0,12.0,2.0,,29.0,1.0,1.0,2.0,33.0,33.0,March 2021
CPO CLUB,18,3148,Navy,7.0,,3.0,,1.0,1.0,,12.0,1.0,1.0,2.0,16.0,16.0,March 2021
TAKEMIYA CLUB,18,3149,Navy,3.0,,,1.0,1.0,1.0,,6.0,1.0,1.0,2.0,10.0,10.0,March 2021
OFFICERS CLUB,18,3150,Navy,6.0,,2.0,2.0,1.0,2.0,,13.0,1.0,1.0,2.0,17.0,17.0,March 2021
SEASIDE CLUB,18,3151,Navy,4.0,8.0,4.0,2.0,13.0,1.0,,32.0,1.0,1.0,2.0,36.0,36.0,March 2021
ZAMA C/C,22,883,Army,8.0,5.0,4.0,2.0,8.0,3.0,,30.0,1.0,1.0,1.0,33.0,33.0,March 2021
SHA CLUB,22,885,Army,4.0,,1.0,2.0,,,,7.0,1.0,1.0,1.0,10.0,10.0,March 2021
ZAMA B/C,22,886,Army,5.0,,2.0,1.0,,,,8.0,1.0,1.0,1.0,11.0,11.0,March 2021
ROAD HOUSE,22,1127,Marine Corps,7.0,,,,,,,7.0,1.0,1.0,1.0,10.0,10.0,March 2021
SANNO HOTEL,22,2664,Navy,13.0,6.0,4.0,2.0,8.0,,,33.0,1.0,1.0,2.0,37.0,37.0,March 2021
CORNER POCKET C/C,22,3078,Navy,10.0,,2.0,2.0,3.0,,,17.0,1.0,1.0,1.0,20.0,20.0,March 2021
CLUB TRILOGY,22,3079,Navy,10.0,6.0,2.0,2.0,8.0,,,28.0,1.0,1.0,2.0,32.0,32.0,March 2021
ZAMA G/C,22,3165,Army,5.0,4.0,3.0,,3.0,,,15.0,1.0,1.0,1.0,18.0,18.0,March 2021
HAVANA'S,26,967,Army,,,,,,,,,1.0,,,1.0,1.0,March 2021
HASHMARKS,26,1105,Marine Corps,6.0,,6.0,4.0,4.0,,,20.0,1.0,1.0,2.0,24.0,24.0,March 2021
COURTNEY B/C,26,1107,Marine Corps,3.0,,6.0,2.0,2.0,2.0,,15.0,1.0,1.0,2.0,19.0,19.0,March 2021
TAIYO G/C,26,1109,Marine Corps,21.0,9.0,10.0,,11.0,2.0,,53.0,1.0,2.0,2.0,58.0,58.0,March 2021
BUTLER B/C,26,1111,Marine Corps,,,,,,,,,1.0,,,1.0,1.0,March 2021
OCEAN BREEZE,26,1114,Marine Corps,16.0,18.0,15.0,,25.0,4.0,,78.0,1.0,3.0,2.0,84.0,84.0,March 2021
SURFSIDE,26,1122,Marine Corps,6.0,,4.0,,6.0,2.0,,18.0,1.0,1.0,2.0,22.0,22.0,March 2021
PALMS,26,2238,Marine Corps,16.0,8.0,6.0,4.0,11.0,2.0,,47.0,1.0,2.0,2.0,52.0,52.0,March 2021
WEST PAC LODGE,26,2317,Marine Corps,6.0,,4.0,4.0,2.0,,,16.0,1.0,1.0,1.0,19.0,19.0,March 2021
BEACH HEAD,26,2394,Marine Corps,3.0,,5.0,3.0,,,,11.0,1.0,1.0,2.0,15.0,15.0,March 2021
CROW'S NEST,26,2523,Navy,6.0,4.0,2.0,2.0,6.0,,,20.0,1.0,1.0,2.0,24.0,24.0,March 2021
PORT CALL,26,2525,Navy,2.0,,2.0,2.0,,3.0,,9.0,1.0,1.0,2.0,13.0,13.0,March 2021
WHISPERS,26,3159,Marine Corps,4.0,4.0,2.0,,,,,10.0,,1.0,1.0,12.0,12.0,March 2021
HANSEN TLF,26,3169,Marine Corps,2.0,,4.0,2.0,2.0,2.0,,12.0,1.0,1.0,1.0,15.0,15.0,March 2021
STATE'S GRILL,21,866,Army,12.0,4.0,5.0,,,2.0,,23.0,1.0,1.0,2.0,27.0,27.0,March 2021
HILLTOP,21,867,Army,7.0,10.0,2.0,,8.0,2.0,,29.0,1.0,1.0,2.0,33.0,33.0,March 2021
LOS CANTINA,21,869,Army,5.0,,1.0,,,3.0,3.0,12.0,,1.0,2.0,15.0,15.0,March 2021
WINDY CITY,21,870,Army,14.0,,4.0,6.0,,,,24.0,1.0,1.0,2.0,28.0,28.0,March 2021
EL GUERRERO,21,891,Army,16.0,,10.0,,3.0,,,29.0,1.0,1.0,2.0,33.0,33.0,March 2021
TURTLE COVE,21,2521,Navy,4.0,,,5.0,1.0,,,10.0,1.0,1.0,2.0,14.0,14.0,March 2021
GATEWAY CLUB,23,797,Army,9.0,5.0,2.0,,6.0,2.0,,24.0,,,1.0,25.0,25.0,March 2021
WARRIOR'S,23,798,Army,10.0,,2.0,2.0,,,,14.0,1.0,1.0,1.0,17.0,17.0,March 2021
CASEY B/C,23,819,Army,12.0,4.0,2.0,,4.0,2.0,,24.0,1.0,1.0,1.0,27.0,27.0,March 2021
CASEY LODGE,23,1940,Army,6.0,,1.0,2.0,2.0,,,11.0,1.0,1.0,1.0,14.0,14.0,March 2021
FLIGHTLINE,24,3166,Army,8.0,,,,2.0,,,10.0,1.0,1.0,1.0,13.0,13.0,March 2021
CAVE,24,3168,Army,22.0,6.0,5.0,,8.0,,,41.0,1.0,2.0,2.0,46.0,46.0,March 2021
HUMPHREYS B/C,24,839,Army,8.0,4.0,4.0,,4.0,,,20.0,1.0,1.0,2.0,24.0,24.0,March 2021
MORNING CALM,24,3158,Army,15.0,15.0,6.0,,25.0,6.0,,67.0,1.0,2.0,2.0,72.0,72.0,March 2021
IRISH PUB,2,194,Army,16.0,4.0,10.0,,13.0,4.0,,47.0,1.0,2.0,3.0,53.0,53.0,April 2021
LCCC,2,195,Army,10.0,3.0,5.0,,10.0,2.0,,30.0,1.0,2.0,2.0,35.0,35.0,April 2021
KAZABRA,2,196,Army,6.0,,4.0,,,2.0,,12.0,1.0,1.0,1.0,15.0,15.0,April 2021
STRIKERS,2,218,Army,9.0,4.0,7.0,2.0,8.0,3.0,,33.0,1.0,2.0,2.0,38.0,38.0,April 2021
GOLD MINE,2,1038,Army,9.0,4.0,3.0,3.0,3.0,,,22.0,1.0,2.0,2.0,27.0,27.0,April 2021
ROB JAVA CAFE,2,2887,Army,6.0,,3.0,1.0,1.0,1.0,,12.0,1.0,1.0,1.0,15.0,15.0,April 2021
SEMBACH C/C,2,3072,Army,7.0,,2.0,,7.0,3.0,,19.0,1.0,2.0,2.0,24.0,24.0,April 2021
EDO_CARD_LAB,2,3170,Army,,,,,,,,,,,,0.0,0.0,April 2021
LA PLAZA,43,2600,Navy,13.0,4.0,2.0,,6.0,4.0,,29.0,1.0,1.0,2.0,33.0,33.0,April 2021
ROTA LANES,43,2601,Navy,3.0,,3.0,1.0,5.0,1.0,,13.0,1.0,1.0,1.0,16.0,16.0,April 2021
ROTA FLEET CTR,43,2605,Navy,2.0,,2.0,1.0,,,,5.0,1.0,1.0,1.0,8.0,8.0,April 2021
BOQ,43,2890,Navy,4.0,,3.0,,2.0,1.0,,10.0,1.0,1.0,1.0,13.0,13.0,April 2021
GRAF E/C,46,413,Army,15.0,4.0,5.0,4.0,6.0,2.0,,36.0,1.0,2.0,2.0,41.0,41.0,April 2021
HOHENFELS B/C,46,415,Army,4.0,4.0,6.0,,4.0,,,18.0,1.0,2.0,2.0,23.0,23.0,April 2021
VILSECK B/C,46,417,Army,7.0,,,2.0,4.0,,,13.0,1.0,1.0,1.0,16.0,16.0,April 2021
LANGENBRUCK,46,1858,Army,13.0,4.0,4.0,,15.0,,,36.0,1.0,2.0,2.0,41.0,41.0,April 2021
ALGIERS REC,46,3145,Army,6.0,,2.0,2.0,4.0,,,14.0,1.0,1.0,2.0,18.0,18.0,April 2021
THE VAULT,47,1669,Army,10.0,4.0,5.0,,11.0,2.0,,32.0,1.0,2.0,2.0,37.0,37.0,April 2021
KASTEL KLUB,47,1881,Army,7.0,,7.0,,5.0,1.0,,20.0,1.0,1.0,1.0,23.0,23.0,April 2021
WIESBADEN E/C,47,2976,Army,9.0,4.0,4.0,1.0,6.0,2.0,,26.0,,,1.0,27.0,27.0,April 2021
ACE'S GAME RM,47,3108,Army,6.0,1.0,2.0,,,1.0,,10.0,1.0,1.0,1.0,13.0,13.0,April 2021
YOKOSUKA B/C,18,3146,Navy,8.0,4.0,3.0,,6.0,1.0,,22.0,1.0,1.0,2.0,26.0,26.0,April 2021
CLUB ALLIANCE,18,3147,Navy,7.0,5.0,2.0,1.0,12.0,2.0,,29.0,1.0,1.0,2.0,33.0,33.0,April 2021
CPO CLUB,18,3148,Navy,7.0,,3.0,,1.0,1.0,,12.0,1.0,1.0,2.0,16.0,16.0,April 2021
TAKEMIYA CLUB,18,3149,Navy,3.0,,,1.0,1.0,1.0,,6.0,1.0,1.0,2.0,10.0,10.0,April 2021
OFFICERS CLUB,18,3150,Navy,6.0,,2.0,2.0,1.0,2.0,,13.0,1.0,1.0,2.0,17.0,17.0,April 2021
SEASIDE CLUB,18,3151,Navy,4.0,8.0,4.0,2.0,13.0,1.0,,32.0,1.0,1.0,2.0,36.0,36.0,April 2021
ZAMA C/C,22,883,Army,8.0,5.0,4.0,2.0,8.0,3.0,,30.0,1.0,1.0,1.0,33.0,33.0,April 2021
SHA CLUB,22,885,Army,4.0,,1.0,2.0,,,,7.0,1.0,1.0,1.0,10.0,10.0,April 2021
ZAMA B/C,22,886,Army,5.0,,2.0,1.0,,,,8.0,1.0,1.0,1.0,11.0,11.0,April 2021
ROAD HOUSE,22,1127,Marine Corps,7.0,,,,,,,7.0,1.0,1.0,1.0,10.0,10.0,April 2021
SANNO HOTEL,22,2664,Navy,13.0,6.0,4.0,2.0,8.0,,,33.0,1.0,1.0,2.0,37.0,37.0,April 2021
CORNER POCKET C/C,22,3078,Navy,10.0,,2.0,2.0,3.0,,,17.0,1.0,1.0,1.0,20.0,20.0,April 2021
CLUB TRILOGY,22,3079,Navy,10.0,6.0,2.0,2.0,8.0,,,28.0,1.0,1.0,2.0,32.0,32.0,April 2021
ZAMA G/C,22,3165,Army,5.0,4.0,3.0,,3.0,,,15.0,1.0,1.0,1.0,18.0,18.0,April 2021
HAVANA'S,26,967,Army,,,,,,,,,1.0,,,1.0,1.0,April 2021
HASHMARKS,26,1105,Marine Corps,6.0,,6.0,4.0,4.0,,,20.0,1.0,1.0,2.0,24.0,24.0,April 2021
COURTNEY B/C,26,1107,Marine Corps,3.0,,6.0,2.0,2.0,2.0,,15.0,1.0,1.0,2.0,19.0,19.0,April 2021
TAIYO G/C,26,1109,Marine Corps,21.0,9.0,10.0,,11.0,2.0,,53.0,1.0,2.0,2.0,58.0,58.0,April 2021
BUTLER B/C,26,1111,Marine Corps,,,,,,,,,1.0,,,1.0,1.0,April 2021
OCEAN BREEZE,26,1114,Marine Corps,16.0,18.0,15.0,,25.0,4.0,,78.0,1.0,3.0,2.0,84.0,84.0,April 2021
SURFSIDE,26,1122,Marine Corps,6.0,,4.0,,6.0,2.0,,18.0,1.0,1.0,2.0,22.0,22.0,April 2021
PALMS,26,2238,Marine Corps,16.0,8.0,6.0,4.0,11.0,2.0,,47.0,1.0,2.0,2.0,52.0,52.0,April 2021
WEST PAC LODGE,26,2317,Marine Corps,6.0,,4.0,4.0,2.0,,,16.0,1.0,1.0,1.0,19.0,19.0,April 2021
BEACH HEAD,26,2394,Marine Corps,5.0,,1.0,2.0,,,3.0,11.0,1.0,1.0,2.0,15.0,15.0,April 2021
CROW'S NEST,26,2523,Navy,6.0,4.0,2.0,2.0,6.0,,,20.0,1.0,1.0,2.0,24.0,24.0,April 2021
PORT CALL,26,2525,Navy,2.0,,2.0,2.0,,3.0,,9.0,1.0,1.0,2.0,13.0,13.0,April 2021
WHISPERS,26,3159,Marine Corps,4.0,4.0,2.0,,,,,10.0,,1.0,1.0,12.0,12.0,April 2021
HANSEN TLF,26,3169,Marine Corps,2.0,,4.0,2.0,2.0,2.0,,12.0,1.0,1.0,1.0,15.0,15.0,April 2021
STATE'S GRILL,21,866,Army,12.0,4.0,5.0,,,2.0,,23.0,1.0,1.0,2.0,27.0,27.0,April 2021
HILLTOP,21,867,Army,7.0,10.0,2.0,,8.0,2.0,,29.0,1.0,1.0,2.0,33.0,33.0,April 2021
LOS CANTINA,21,869,Army,5.0,,1.0,,,3.0,3.0,12.0,,1.0,2.0,15.0,15.0,April 2021
WINDY CITY,21,870,Army,14.0,,4.0,6.0,,,,24.0,1.0,1.0,2.0,28.0,28.0,April 2021
EL GUERRERO,21,891,Army,16.0,,10.0,,3.0,,,29.0,1.0,1.0,2.0,33.0,33.0,April 2021
TURTLE COVE,21,2521,Navy,4.0,,,5.0,1.0,,,10.0,1.0,1.0,2.0,14.0,14.0,April 2021
GATEWAY CLUB,23,797,Army,9.0,5.0,2.0,,6.0,2.0,,24.0,,,1.0,25.0,25.0,April 2021
WARRIOR'S,23,798,Army,10.0,,2.0,2.0,,,,14.0,1.0,1.0,1.0,17.0,17.0,April 2021
CASEY B/C,23,819,Army,12.0,4.0,2.0,,4.0,2.0,,24.0,1.0,1.0,1.0,27.0,27.0,April 2021
CASEY LODGE,23,1940,Army,6.0,,1.0,2.0,2.0,,,11.0,1.0,1.0,1.0,14.0,14.0,April 2021
FLIGHTLINE,24,3166,Army,8.0,,,,2.0,,,10.0,1.0,1.0,1.0,13.0,13.0,April 2021
CAVE,24,3168,Army,22.0,6.0,5.0,,8.0,,,41.0,1.0,2.0,2.0,46.0,46.0,April 2021
HUMPHREYS B/C,24,839,Army,8.0,4.0,4.0,,4.0,,,20.0,1.0,1.0,2.0,24.0,24.0,April 2021
MORNING CALM,24,3158,Army,15.0,15.0,6.0,,25.0,6.0,,67.0,1.0,2.0,2.0,72.0,72.0,April 2021
IRISH PUB,2,194,Army,16.0,4.0,10.0,,13.0,4.0,,47.0,1.0,2.0,3.0,53.0,53.0,April 2021
LCCC,2,195,Army,10.0,3.0,5.0,,10.0,2.0,,30.0,1.0,2.0,2.0,35.0,35.0,April 2021
KAZABRA,2,196,Army,6.0,,4.0,,,2.0,,12.0,1.0,1.0,1.0,15.0,15.0,April 2021
STRIKERS,2,218,Army,9.0,4.0,7.0,2.0,8.0,3.0,,33.0,1.0,2.0,2.0,38.0,38.0,April 2021
GOLD MINE,2,1038,Army,9.0,4.0,3.0,3.0,3.0,,,22.0,1.0,2.0,2.0,27.0,27.0,April 2021
ROB JAVA CAFE,2,2887,Army,6.0,,3.0,1.0,1.0,1.0,,12.0,1.0,1.0,1.0,15.0,15.0,April 2021
SEMBACH C/C,2,3072,Army,7.0,,2.0,,7.0,3.0,,19.0,1.0,2.0,2.0,24.0,24.0,April 2021
EDO_CARD_LAB,2,3170,Army,,,,,,,,,,,,0.0,0.0,April 2021
LA PLAZA,43,2600,Navy,13.0,4.0,2.0,,6.0,4.0,,29.0,1.0,1.0,2.0,33.0,33.0,April 2021
ROTA LANES,43,2601,Navy,3.0,,3.0,1.0,5.0,1.0,,13.0,1.0,1.0,1.0,16.0,16.0,April 2021
ROTA FLEET CTR,43,2605,Navy,2.0,,2.0,1.0,,,,5.0,1.0,1.0,1.0,8.0,8.0,April 2021
BOQ,43,2890,Navy,4.0,,3.0,,2.0,1.0,,10.0,1.0,1.0,1.0,13.0,13.0,April 2021
GRAF E/C,46,413,Army,15.0,4.0,5.0,4.0,6.0,2.0,,36.0,1.0,2.0,2.0,41.0,41.0,April 2021
HOHENFELS B/C,46,415,Army,4.0,4.0,6.0,,4.0,,,18.0,1.0,2.0,2.0,23.0,23.0,April 2021
VILSECK B/C,46,417,Army,7.0,,,2.0,4.0,,,13.0,1.0,1.0,1.0,16.0,16.0,April 2021
LANGENBRUCK,46,1858,Army,13.0,4.0,4.0,,15.0,,,36.0,1.0,2.0,2.0,41.0,41.0,April 2021
ALGIERS REC,46,3145,Army,6.0,,2.0,2.0,4.0,,,14.0,1.0,1.0,2.0,18.0,18.0,April 2021
THE VAULT,47,1669,Army,10.0,4.0,5.0,,11.0,2.0,,32.0,1.0,2.0,2.0,37.0,37.0,April 2021
KASTEL KLUB,47,1881,Army,7.0,,7.0,,5.0,1.0,,20.0,1.0,1.0,1.0,23.0,23.0,April 2021
WIESBADEN E/C,47,2976,Army,9.0,4.0,4.0,1.0,6.0,2.0,,26.0,,,1.0,27.0,27.0,April 2021
ACE'S GAME RM,47,3108,Army,6.0,1.0,2.0,,,1.0,,10.0,1.0,1.0,1.0,13.0,13.0,April 2021
YOKOSUKA B/C,18,3146,Navy,8.0,4.0,3.0,,6.0,1.0,,22.0,1.0,1.0,2.0,26.0,26.0,April 2021
CLUB ALLIANCE,18,3147,Navy,7.0,5.0,2.0,1.0,12.0,2.0,,29.0,1.0,1.0,2.0,33.0,33.0,April 2021
CPO CLUB,18,3148,Navy,7.0,,3.0,,1.0,1.0,,12.0,1.0,1.0,2.0,16.0,16.0,April 2021
TAKEMIYA CLUB,18,3149,Navy,3.0,,,1.0,1.0,1.0,,6.0,1.0,1.0,2.0,10.0,10.0,April 2021
OFFICERS CLUB,18,3150,Navy,6.0,,2.0,2.0,1.0,2.0,,13.0,1.0,1.0,2.0,17.0,17.0,April 2021
SEASIDE CLUB,18,3151,Navy,4.0,8.0,4.0,2.0,13.0,1.0,,32.0,1.0,1.0,2.0,36.0,36.0,April 2021
ZAMA C/C,22,883,Army,8.0,5.0,4.0,2.0,8.0,3.0,,30.0,1.0,1.0,1.0,33.0,33.0,April 2021
SHA CLUB,22,885,Army,4.0,,1.0,2.0,,,,7.0,1.0,1.0,1.0,10.0,10.0,April 2021
ZAMA B/C,22,886,Army,5.0,,2.0,1.0,,,,8.0,1.0,1.0,1.0,11.0,11.0,April 2021
ROAD HOUSE,22,1127,Marine Corps,7.0,,,,,,,7.0,1.0,1.0,1.0,10.0,10.0,April 2021
SANNO HOTEL,22,2664,Navy,13.0,6.0,4.0,2.0,8.0,,,33.0,1.0,1.0,2.0,37.0,37.0,April 2021
CORNER POCKET C/C,22,3078,Navy,10.0,,2.0,2.0,3.0,,,17.0,1.0,1.0,1.0,20.0,20.0,April 2021
CLUB TRILOGY,22,3079,Navy,10.0,6.0,2.0,2.0,8.0,,,28.0,1.0,1.0,2.0,32.0,32.0,April 2021
ZAMA G/C,22,3165,Army,5.0,4.0,3.0,,3.0,,,15.0,1.0,1.0,1.0,18.0,18.0,April 2021
HAVANA'S,26,967,Army,,,,,,,,,1.0,,,1.0,1.0,April 2021
HASHMARKS,26,1105,Marine Corps,6.0,,6.0,4.0,4.0,,,20.0,1.0,1.0,2.0,24.0,24.0,April 2021
COURTNEY B/C,26,1107,Marine Corps,3.0,,6.0,2.0,2.0,2.0,,15.0,1.0,1.0,2.0,19.0,19.0,April 2021
TAIYO G/C,26,1109,Marine Corps,21.0,9.0,10.0,,11.0,2.0,,53.0,1.0,2.0,2.0,58.0,58.0,April 2021
BUTLER B/C,26,1111,Marine Corps,,,,,,,,,1.0,,,1.0,1.0,April 2021
OCEAN BREEZE,26,1114,Marine Corps,16.0,18.0,15.0,,25.0,4.0,,78.0,1.0,3.0,2.0,84.0,84.0,April 2021
SURFSIDE,26,1122,Marine Corps,6.0,,4.0,,6.0,2.0,,18.0,1.0,1.0,2.0,22.0,22.0,April 2021
PALMS,26,2238,Marine Corps,16.0,8.0,6.0,4.0,11.0,2.0,,47.0,1.0,2.0,2.0,52.0,52.0,April 2021
WEST PAC LODGE,26,2317,Marine Corps,6.0,,4.0,4.0,2.0,,,16.0,1.0,1.0,1.0,19.0,19.0,April 2021
BEACH HEAD,26,2394,Marine Corps,5.0,,1.0,2.0,,,3.0,11.0,1.0,1.0,2.0,15.0,15.0,April 2021
CROW'S NEST,26,2523,Navy,6.0,4.0,2.0,2.0,6.0,,,20.0,1.0,1.0,2.0,24.0,24.0,April 2021
PORT CALL,26,2525,Navy,2.0,,2.0,2.0,,3.0,,9.0,1.0,1.0,2.0,13.0,13.0,April 2021
WHISPERS,26,3159,Marine Corps,4.0,4.0,2.0,,,,,10.0,,1.0,1.0,12.0,12.0,April 2021
HANSEN TLF,26,3169,Marine Corps,2.0,,4.0,2.0,2.0,2.0,,12.0,1.0,1.0,1.0,15.0,15.0,April 2021
STATE'S GRILL,21,866,Army,12.0,4.0,5.0,,,2.0,,23.0,1.0,1.0,2.0,27.0,27.0,April 2021
HILLTOP,21,867,Army,7.0,10.0,2.0,,8.0,2.0,,29.0,1.0,1.0,2.0,33.0,33.0,April 2021
LOS CANTINA,21,869,Army,5.0,,1.0,,,3.0,3.0,12.0,,1.0,2.0,15.0,15.0,April 2021
WINDY CITY,21,870,Army,14.0,,4.0,6.0,,,,24.0,1.0,1.0,2.0,28.0,28.0,April 2021
EL GUERRERO,21,891,Army,16.0,,10.0,,3.0,,,29.0,1.0,1.0,2.0,33.0,33.0,April 2021
TURTLE COVE,21,2521,Navy,4.0,,,5.0,1.0,,,10.0,1.0,1.0,2.0,14.0,14.0,April 2021
GATEWAY CLUB,23,797,Army,9.0,5.0,2.0,,6.0,2.0,,24.0,,,1.0,25.0,25.0,April 2021
WARRIOR'S,23,798,Army,10.0,,2.0,2.0,,,,14.0,1.0,1.0,1.0,17.0,17.0,April 2021
CASEY B/C,23,819,Army,12.0,4.0,2.0,,4.0,2.0,,24.0,1.0,1.0,1.0,27.0,27.0,April 2021
CASEY LODGE,23,1940,Army,6.0,,1.0,2.0,2.0,,,11.0,1.0,1.0,1.0,14.0,14.0,April 2021
FLIGHTLINE,24,3166,Army,8.0,,,,2.0,,,10.0,1.0,1.0,1.0,13.0,13.0,April 2021
CAVE,24,3168,Army,22.0,6.0,5.0,,8.0,,,41.0,1.0,2.0,2.0,46.0,46.0,April 2021
HUMPHREYS B/C,24,839,Army,8.0,4.0,4.0,,4.0,,,20.0,1.0,1.0,2.0,24.0,24.0,April 2021
MORNING CALM,24,3158,Army,15.0,15.0,6.0,,25.0,6.0,,67.0,1.0,2.0,2.0,72.0,72.0,April 2021
IRISH PUB,2,194,Army,11.0,4.0,7.0,,11.0,2.0,,35.0,1.0,2.0,2.0,40.0,40.0,May 2021
LCCC,2,195,Army,10.0,3.0,5.0,,10.0,2.0,,30.0,1.0,2.0,2.0,35.0,35.0,May 2021
KAZABRA,2,196,Army,6.0,,4.0,,,2.0,,12.0,1.0,1.0,1.0,15.0,15.0,May 2021
STRIKERS,2,218,Army,9.0,4.0,7.0,2.0,8.0,3.0,,33.0,1.0,2.0,2.0,38.0,38.0,May 2021
GOLD MINE,2,1038,Army,9.0,4.0,3.0,3.0,3.0,,,22.0,1.0,2.0,2.0,27.0,27.0,May 2021
ROB JAVA CAFE,2,2887,Army,6.0,,3.0,1.0,1.0,1.0,,12.0,1.0,1.0,1.0,15.0,15.0,May 2021
SEMBACH C/C,2,3072,Army,7.0,,2.0,,7.0,3.0,,19.0,1.0,2.0,2.0,24.0,24.0,May 2021
EDO_CARD_LAB,2,3170,Army,,,,,,,,,,,,0.0,0.0,May 2021
LA PLAZA,43,2600,Navy,13.0,4.0,2.0,,6.0,4.0,,29.0,1.0,1.0,2.0,33.0,33.0,May 2021
PINZ,43,2601,Navy,3.0,,3.0,1.0,5.0,1.0,,13.0,1.0,1.0,1.0,16.0,16.0,May 2021
ROTA FLEET CTR,43,2605,Navy,2.0,,2.0,1.0,,,,5.0,1.0,1.0,1.0,8.0,8.0,May 2021
NGIS ROTA,43,2890,Navy,4.0,,3.0,,2.0,1.0,,10.0,1.0,1.0,1.0,13.0,13.0,May 2021
GRAF E/C,46,413,Army,15.0,4.0,5.0,4.0,6.0,2.0,,36.0,1.0,2.0,2.0,41.0,41.0,May 2021
HOHENFELS B/C,46,415,Army,4.0,4.0,6.0,,4.0,,,18.0,1.0,2.0,2.0,23.0,23.0,May 2021
VILSECK B/C,46,417,Army,7.0,,,2.0,4.0,,,13.0,1.0,1.0,1.0,16.0,16.0,May 2021
LANGENBRUCK,46,1858,Army,13.0,4.0,4.0,,15.0,,,36.0,1.0,2.0,2.0,41.0,41.0,May 2021
ALGIER R/C,46,3145,Army,6.0,,2.0,2.0,4.0,,,14.0,1.0,1.0,2.0,18.0,18.0,May 2021
THE VAULT,47,1669,Army,10.0,4.0,5.0,,11.0,2.0,,32.0,1.0,2.0,2.0,37.0,37.0,May 2021
KASTEL KLUB,47,1881,Army,7.0,,7.0,,5.0,1.0,,20.0,1.0,1.0,1.0,23.0,23.0,May 2021
WIESBADEN E/C,47,2976,Army,9.0,4.0,4.0,1.0,6.0,2.0,,26.0,,,1.0,27.0,27.0,May 2021
ACE'S GAME RM,47,3108,Army,6.0,1.0,2.0,,,1.0,,10.0,1.0,1.0,1.0,13.0,13.0,May 2021
YOKOSUKA B/C,18,3146,Navy,8.0,4.0,3.0,,6.0,1.0,,22.0,1.0,1.0,2.0,26.0,26.0,May 2021
CLUB ALLIANCE,18,3147,Navy,7.0,5.0,2.0,1.0,12.0,2.0,,29.0,1.0,1.0,2.0,33.0,33.0,May 2021
CPO CLUB,18,3148,Navy,7.0,,3.0,,1.0,1.0,,12.0,1.0,1.0,2.0,16.0,16.0,May 2021
TAKEMIYA CLUB,18,3149,Navy,3.0,,,1.0,1.0,1.0,,6.0,1.0,1.0,2.0,10.0,10.0,May 2021
OFFICERS CLUB,18,3150,Navy,6.0,,2.0,2.0,1.0,2.0,,13.0,1.0,1.0,2.0,17.0,17.0,May 2021
SEASIDE CLUB,18,3151,Navy,4.0,8.0,4.0,2.0,13.0,1.0,,32.0,1.0,1.0,2.0,36.0,36.0,May 2021
ZAMA C/C,22,883,Army,8.0,5.0,4.0,2.0,8.0,3.0,,30.0,1.0,1.0,1.0,33.0,33.0,May 2021
SHA CLUB,22,885,Army,4.0,,1.0,2.0,,,,7.0,1.0,1.0,1.0,10.0,10.0,May 2021
ZAMA B/C,22,886,Army,5.0,,2.0,1.0,,,,8.0,1.0,1.0,1.0,11.0,11.0,May 2021
ROAD HOUSE,22,1127,Marine Corps,7.0,,,,,,,7.0,1.0,1.0,1.0,10.0,10.0,May 2021
SANNO HOTEL,22,2664,Navy,13.0,6.0,4.0,2.0,8.0,,,33.0,1.0,1.0,2.0,37.0,37.0,May 2021
CORNER POCKET,22,3078,Navy,10.0,,2.0,2.0,3.0,,,17.0,1.0,1.0,1.0,20.0,20.0,May 2021
CLUB TRILOGY,22,3079,Navy,10.0,6.0,2.0,2.0,8.0,,,28.0,1.0,1.0,2.0,32.0,32.0,May 2021
ZAMA G/C,22,3165,Army,5.0,4.0,3.0,,3.0,,,15.0,1.0,1.0,1.0,18.0,18.0,May 2021
HAVANA'S,26,967,Army,,,,,,,,,1.0,,,1.0,1.0,May 2021
HASHMARKS,26,1105,Marine Corps,6.0,,6.0,4.0,4.0,,,20.0,1.0,1.0,2.0,24.0,24.0,May 2021
COURTNEY B/C,26,1107,Marine Corps,3.0,,6.0,2.0,2.0,2.0,,15.0,1.0,1.0,2.0,19.0,19.0,May 2021
TAIYO G/C,26,1109,Marine Corps,21.0,9.0,10.0,,11.0,2.0,,53.0,1.0,2.0,2.0,58.0,58.0,May 2021
BUTLER B/C,26,1111,Marine Corps,4.0,7.0,2.0,1.0,10.0,2.0,,26.0,1.0,1.0,2.0,30.0,30.0,May 2021
OCEAN BREEZE,26,1114,Marine Corps,16.0,18.0,15.0,,26.0,3.0,,78.0,1.0,3.0,2.0,84.0,84.0,May 2021
SURFSIDE,26,1122,Marine Corps,6.0,,4.0,,6.0,2.0,,18.0,1.0,1.0,2.0,22.0,22.0,May 2021
PALMS,26,2238,Marine Corps,16.0,8.0,6.0,4.0,11.0,2.0,,47.0,1.0,2.0,2.0,52.0,52.0,May 2021
WEST PAC LODGE,26,2317,Marine Corps,6.0,,4.0,4.0,2.0,,,16.0,1.0,1.0,1.0,19.0,19.0,May 2021
BEACH HEAD,26,2394,Marine Corps,5.0,,1.0,2.0,,,3.0,11.0,1.0,1.0,2.0,15.0,15.0,May 2021
CROW'S NEST,26,2523,Navy,6.0,4.0,2.0,2.0,6.0,,,20.0,1.0,1.0,2.0,24.0,24.0,May 2021
PORT CALL,26,2525,Navy,2.0,,2.0,2.0,,3.0,,9.0,1.0,1.0,2.0,13.0,13.0,May 2021
WHISPERS,26,3159,Marine Corps,4.0,4.0,2.0,,,,,10.0,,1.0,1.0,12.0,12.0,May 2021
HANSEN TLF,26,3169,Marine Corps,2.0,,4.0,2.0,2.0,2.0,,12.0,1.0,1.0,1.0,15.0,15.0,May 2021
STATE'S GRILL,21,866,Army,12.0,4.0,5.0,,,2.0,,23.0,1.0,1.0,2.0,27.0,27.0,May 2021
HILLTOP,21,867,Army,7.0,10.0,2.0,,8.0,2.0,,29.0,1.0,1.0,2.0,33.0,33.0,May 2021
LOS CANTINA,21,869,Army,5.0,,1.0,,,3.0,3.0,12.0,,1.0,2.0,15.0,15.0,May 2021
WINDY CITY,21,870,Army,14.0,,4.0,6.0,,,,24.0,1.0,1.0,2.0,28.0,28.0,May 2021
EL GUERRERO,21,891,Army,16.0,,10.0,,3.0,,,29.0,1.0,1.0,2.0,33.0,33.0,May 2021
TURTLE COVE,21,2521,Navy,4.0,,,5.0,,,,9.0,1.0,1.0,2.0,13.0,13.0,May 2021
GATEWAY CLUB,23,797,Army,9.0,5.0,2.0,,6.0,2.0,,24.0,,,1.0,25.0,25.0,May 2021
WARRIOR'S,23,798,Army,10.0,,2.0,2.0,,,,14.0,1.0,1.0,1.0,17.0,17.0,May 2021
CASEY B/C,23,819,Army,12.0,4.0,2.0,,4.0,2.0,,24.0,1.0,1.0,1.0,27.0,27.0,May 2021
CASEY LODGE,23,1940,Army,6.0,,1.0,2.0,2.0,,,11.0,1.0,1.0,1.0,14.0,14.0,May 2021
FLIGHTLINE,24,3166,Army,8.0,,,,2.0,,,10.0,1.0,1.0,1.0,13.0,13.0,May 2021
CAVE,24,3168,Army,22.0,6.0,5.0,,8.0,,,41.0,1.0,2.0,2.0,46.0,46.0,May 2021
HUMPHREYS B/C,24,839,Army,6.0,4.0,4.0,,,,,14.0,1.0,1.0,2.0,18.0,18.0,May 2021
MORNING CALM,24,3158,Army,15.0,15.0,6.0,,29.0,3.0,,68.0,1.0,2.0,2.0,73.0,73.0,May 2021
IRISH PUB,2,194,Army,11.0,4.0,7.0,,11.0,2.0,,35.0,1.0,2.0,2.0,40.0,40.0,June 2021
LCCC,2,195,Army,10.0,3.0,5.0,,10.0,2.0,,30.0,1.0,2.0,2.0,35.0,35.0,June 2021
KAZABRA,2,196,Army,6.0,,4.0,,,2.0,,12.0,1.0,1.0,2.0,16.0,16.0,June 2021
STRIKERS,2,218,Army,9.0,4.0,7.0,2.0,8.0,3.0,,33.0,1.0,2.0,2.0,38.0,38.0,June 2021
GOLD MINE,2,1038,Army,9.0,4.0,3.0,3.0,3.0,,,22.0,1.0,2.0,2.0,27.0,27.0,June 2021
ROB JAVA CAFE,2,2887,Army,6.0,,3.0,1.0,1.0,1.0,,12.0,1.0,1.0,1.0,15.0,15.0,June 2021
SEMBACH C/C,2,3072,Army,7.0,,2.0,,7.0,3.0,,19.0,1.0,2.0,2.0,24.0,24.0,June 2021
EDO_CARD_LAB,2,3170,Army,,,,,,,,,,,,0.0,0.0,June 2021
LA PLAZA,43,2600,Navy,13.0,4.0,2.0,,6.0,4.0,,29.0,1.0,1.0,2.0,33.0,33.0,June 2021
PINZ,43,2601,Navy,3.0,,3.0,1.0,5.0,1.0,,13.0,1.0,1.0,1.0,16.0,16.0,June 2021
ROTA FLEET CTR,43,2605,Navy,2.0,,2.0,1.0,,,,5.0,1.0,1.0,1.0,8.0,8.0,June 2021
NGIS ROTA,43,2890,Navy,4.0,,3.0,,2.0,1.0,,10.0,1.0,1.0,1.0,13.0,13.0,June 2021
GRAF E/C,46,413,Army,15.0,4.0,5.0,4.0,6.0,2.0,,36.0,1.0,2.0,2.0,41.0,41.0,June 2021
HOHENFELS B/C,46,415,Army,4.0,4.0,6.0,,4.0,,,18.0,1.0,2.0,2.0,23.0,23.0,June 2021
VILSECK B/C,46,417,Army,7.0,,,2.0,4.0,,,13.0,1.0,1.0,1.0,16.0,16.0,June 2021
LANGENBRUCK,46,1858,Army,13.0,4.0,4.0,,15.0,,,36.0,1.0,2.0,2.0,41.0,41.0,June 2021
ALGIER R/C,46,3145,Army,6.0,,2.0,2.0,4.0,,,14.0,1.0,1.0,2.0,18.0,18.0,June 2021
THE VAULT,47,1669,Army,10.0,4.0,5.0,,11.0,2.0,,32.0,1.0,2.0,2.0,37.0,37.0,June 2021
LIBERTY GAMES,47,1881,Army,7.0,,7.0,,5.0,1.0,,20.0,1.0,1.0,1.0,23.0,23.0,June 2021
WIESBADEN E/C,47,2976,Army,9.0,4.0,4.0,1.0,6.0,2.0,,26.0,,,1.0,27.0,27.0,June 2021
ACE'S GAME RM,47,3108,Army,6.0,1.0,2.0,,,1.0,,10.0,1.0,1.0,1.0,13.0,13.0,June 2021
YOKOSUKA B/C,18,3146,Navy,8.0,4.0,3.0,,6.0,1.0,,22.0,1.0,1.0,2.0,26.0,26.0,June 2021
CLUB ALLIANCE,18,3147,Navy,7.0,5.0,2.0,1.0,12.0,2.0,,29.0,1.0,1.0,2.0,33.0,33.0,June 2021
CPO CLUB,18,3148,Navy,7.0,,3.0,,1.0,1.0,,12.0,1.0,1.0,2.0,16.0,16.0,June 2021
TAKEMIYA CLUB,18,3149,Navy,3.0,,,1.0,1.0,1.0,,6.0,1.0,1.0,2.0,10.0,10.0,June 2021
OFFICERS CLUB,18,3150,Navy,6.0,,2.0,2.0,1.0,2.0,,13.0,1.0,1.0,2.0,17.0,17.0,June 2021
SEASIDE CLUB,18,3151,Navy,4.0,8.0,4.0,2.0,13.0,1.0,,32.0,1.0,1.0,2.0,36.0,36.0,June 2021
ZAMA C/C,22,883,Army,8.0,5.0,4.0,2.0,8.0,3.0,,30.0,1.0,1.0,1.0,33.0,33.0,June 2021
SHA CLUB,22,885,Army,4.0,,1.0,2.0,,,,7.0,1.0,1.0,1.0,10.0,10.0,June 2021
ZAMA B/C,22,886,Army,5.0,,2.0,1.0,,,,8.0,1.0,1.0,1.0,11.0,11.0,June 2021
ROAD HOUSE,22,1127,Marine Corps,7.0,,,,,,,7.0,1.0,1.0,1.0,10.0,10.0,June 2021
SANNO HOTEL,22,2664,Navy,12.0,6.0,4.0,2.0,8.0,,,32.0,1.0,1.0,2.0,36.0,36.0,June 2021
CORNER POCKET,22,3078,Navy,10.0,,2.0,2.0,3.0,,,17.0,1.0,1.0,1.0,20.0,20.0,June 2021
CLUB TRILOGY,22,3079,Navy,10.0,6.0,2.0,2.0,8.0,,,28.0,1.0,1.0,2.0,32.0,32.0,June 2021
ZAMA G/C,22,3165,Army,5.0,4.0,3.0,,3.0,,,15.0,1.0,1.0,1.0,18.0,18.0,June 2021
HAVANA'S,26,967,Army,,,,,,,,,1.0,,,1.0,1.0,June 2021
HASHMARKS,26,1105,Marine Corps,6.0,,6.0,4.0,4.0,,,20.0,1.0,1.0,2.0,24.0,24.0,June 2021
COURTNEY B/C,26,1107,Marine Corps,3.0,,6.0,2.0,2.0,2.0,,15.0,1.0,1.0,2.0,19.0,19.0,June 2021
TAIYO G/C,26,1109,Marine Corps,21.0,9.0,10.0,,11.0,2.0,,53.0,1.0,2.0,2.0,58.0,58.0,June 2021
BUTLER B/C,26,1111,Marine Corps,4.0,7.0,2.0,1.0,10.0,2.0,,26.0,1.0,1.0,2.0,30.0,30.0,June 2021
OCEAN BREEZE,26,1114,Marine Corps,16.0,18.0,15.0,,26.0,3.0,,78.0,1.0,3.0,2.0,84.0,84.0,June 2021
SURFSIDE,26,1122,Marine Corps,6.0,,4.0,,6.0,2.0,,18.0,1.0,1.0,2.0,22.0,22.0,June 2021
PALMS,26,2238,Marine Corps,16.0,8.0,6.0,4.0,11.0,2.0,,47.0,1.0,2.0,2.0,52.0,52.0,June 2021
WEST PAC LODGE,26,2317,Marine Corps,6.0,,4.0,4.0,2.0,,,16.0,1.0,1.0,1.0,19.0,19.0,June 2021
BEACH HEAD,26,2394,Marine Corps,5.0,,1.0,2.0,,,3.0,11.0,1.0,1.0,2.0,15.0,15.0,June 2021
CROW'S NEST,26,2523,Navy,6.0,4.0,2.0,2.0,6.0,,,20.0,1.0,1.0,2.0,24.0,24.0,June 2021
PORT CALL,26,2525,Navy,2.0,,2.0,2.0,,3.0,,9.0,1.0,1.0,2.0,13.0,13.0,June 2021
WHISPERS,26,3159,Marine Corps,4.0,4.0,2.0,,,,,10.0,,1.0,1.0,12.0,12.0,June 2021
HANSEN TLF,26,3169,Marine Corps,2.0,,4.0,2.0,2.0,2.0,,12.0,1.0,1.0,1.0,15.0,15.0,June 2021
STATE'S GRILL,21,866,Army,12.0,4.0,5.0,,,2.0,,23.0,1.0,1.0,2.0,27.0,27.0,June 2021
HILLTOP,21,867,Army,7.0,10.0,2.0,,8.0,2.0,,29.0,1.0,1.0,2.0,33.0,33.0,June 2021
LOS CANTINA,21,869,Army,5.0,,1.0,,,3.0,3.0,12.0,,1.0,2.0,15.0,15.0,June 2021
WINDY CITY,21,870,Army,14.0,,4.0,6.0,,,,24.0,1.0,1.0,2.0,28.0,28.0,June 2021
EL GUERRERO,21,891,Army,16.0,,10.0,,3.0,,,29.0,1.0,1.0,2.0,33.0,33.0,June 2021
TURTLE COVE,21,2521,Navy,6.0,,,5.0,,,,11.0,1.0,1.0,2.0,15.0,15.0,June 2021
GATEWAY CLUB,23,797,Army,9.0,5.0,2.0,,6.0,2.0,,24.0,,,1.0,25.0,25.0,June 2021
WARRIOR'S,23,798,Army,10.0,,2.0,2.0,,,,14.0,1.0,1.0,1.0,17.0,17.0,June 2021
CASEY B/C,23,819,Army,12.0,4.0,2.0,,4.0,2.0,,24.0,1.0,1.0,1.0,27.0,27.0,June 2021
CASEY LODGE,23,1940,Army,6.0,,1.0,2.0,2.0,,,11.0,1.0,1.0,1.0,14.0,14.0,June 2021
FLIGHTLINE,24,3166,Army,8.0,,,,2.0,,,10.0,1.0,1.0,1.0,13.0,13.0,June 2021
CAVE,24,3168,Army,22.0,6.0,5.0,,8.0,,,41.0,1.0,2.0,2.0,46.0,46.0,June 2021
HUMPHREYS B/C,24,839,Army,6.0,4.0,4.0,,,,,14.0,1.0,1.0,2.0,18.0,18.0,June 2021
MORNING CALM,24,3158,Army,15.0,15.0,6.0,,29.0,3.0,,68.0,1.0,2.0,2.0,73.0,73.0,June 2021
IRISH PUB,2,194,Army,11.0,4.0,7.0,,11.0,2.0,,35.0,1.0,2.0,2.0,40.0,40.0,June 2021
LCCC,2,195,Army,10.0,3.0,5.0,,10.0,2.0,,30.0,1.0,2.0,2.0,35.0,35.0,June 2021
KAZABRA,2,196,Army,6.0,,4.0,,,2.0,,12.0,1.0,1.0,2.0,16.0,16.0,June 2021
STRIKERS,2,218,Army,9.0,4.0,7.0,2.0,8.0,3.0,,33.0,1.0,2.0,2.0,38.0,38.0,June 2021
GOLD MINE,2,1038,Army,9.0,4.0,3.0,3.0,3.0,,,22.0,1.0,2.0,2.0,27.0,27.0,June 2021
ROB JAVA CAFE,2,2887,Army,6.0,,3.0,1.0,1.0,1.0,,12.0,1.0,1.0,1.0,15.0,15.0,June 2021
SEMBACH C/C,2,3072,Army,7.0,,2.0,,7.0,3.0,,19.0,1.0,2.0,2.0,24.0,24.0,June 2021
EDO_CARD_LAB,2,3170,Army,,,,,,,,,,,,0.0,0.0,June 2021
LA PLAZA,43,2600,Navy,13.0,4.0,2.0,,6.0,4.0,,29.0,1.0,1.0,2.0,33.0,33.0,June 2021
PINZ,43,2601,Navy,3.0,,3.0,1.0,5.0,1.0,,13.0,1.0,1.0,1.0,16.0,16.0,June 2021
ROTA FLEET CTR,43,2605,Navy,2.0,,2.0,1.0,,,,5.0,1.0,1.0,1.0,8.0,8.0,June 2021
NGIS ROTA,43,2890,Navy,4.0,,3.0,,2.0,1.0,,10.0,1.0,1.0,1.0,13.0,13.0,June 2021
GRAF E/C,46,413,Army,15.0,4.0,5.0,4.0,6.0,2.0,,36.0,1.0,2.0,2.0,41.0,41.0,June 2021
HOHENFELS B/C,46,415,Army,4.0,4.0,6.0,,4.0,,,18.0,1.0,2.0,2.0,23.0,23.0,June 2021
VILSECK B/C,46,417,Army,7.0,,,2.0,4.0,,,13.0,1.0,1.0,1.0,16.0,16.0,June 2021
LANGENBRUCK,46,1858,Army,13.0,4.0,4.0,,15.0,,,36.0,1.0,2.0,2.0,41.0,41.0,June 2021
ALGIER R/C,46,3145,Army,6.0,,2.0,2.0,4.0,,,14.0,1.0,1.0,2.0,18.0,18.0,June 2021
THE VAULT,47,1669,Army,10.0,4.0,5.0,,11.0,2.0,,32.0,1.0,2.0,2.0,37.0,37.0,June 2021
LIBERTY GAMES,47,1881,Army,7.0,,7.0,,5.0,1.0,,20.0,1.0,1.0,1.0,23.0,23.0,June 2021
WIESBADEN E/C,47,2976,Army,9.0,4.0,4.0,1.0,6.0,2.0,,26.0,,,1.0,27.0,27.0,June 2021
ACE'S GAME RM,47,3108,Army,6.0,1.0,2.0,,,1.0,,10.0,1.0,1.0,1.0,13.0,13.0,June 2021
YOKOSUKA B/C,18,3146,Navy,8.0,4.0,3.0,,6.0,1.0,,22.0,1.0,1.0,2.0,26.0,26.0,June 2021
CLUB ALLIANCE,18,3147,Navy,7.0,5.0,2.0,1.0,12.0,2.0,,29.0,1.0,1.0,2.0,33.0,33.0,June 2021
CPO CLUB,18,3148,Navy,7.0,,3.0,,1.0,1.0,,12.0,1.0,1.0,2.0,16.0,16.0,June 2021
TAKEMIYA CLUB,18,3149,Navy,3.0,,,1.0,1.0,1.0,,6.0,1.0,1.0,2.0,10.0,10.0,June 2021
OFFICERS CLUB,18,3150,Navy,6.0,,2.0,2.0,1.0,2.0,,13.0,1.0,1.0,2.0,17.0,17.0,June 2021
SEASIDE CLUB,18,3151,Navy,4.0,8.0,4.0,2.0,13.0,1.0,,32.0,1.0,1.0,2.0,36.0,36.0,June 2021
ZAMA C/C,22,883,Army,8.0,5.0,4.0,2.0,8.0,3.0,,30.0,1.0,1.0,1.0,33.0,33.0,June 2021
SHA CLUB,22,885,Army,4.0,,1.0,2.0,,,,7.0,1.0,1.0,1.0,10.0,10.0,June 2021
ZAMA B/C,22,886,Army,5.0,,2.0,1.0,,,,8.0,1.0,1.0,1.0,11.0,11.0,June 2021
ROAD HOUSE,22,1127,Marine Corps,7.0,,,,,,,7.0,1.0,1.0,1.0,10.0,10.0,June 2021
SANNO HOTEL,22,2664,Navy,12.0,6.0,4.0,2.0,8.0,,,32.0,1.0,1.0,2.0,36.0,36.0,June 2021
CORNER POCKET,22,3078,Navy,10.0,,2.0,2.0,3.0,,,17.0,1.0,1.0,1.0,20.0,20.0,June 2021
CLUB TRILOGY,22,3079,Navy,10.0,6.0,2.0,2.0,8.0,,,28.0,1.0,1.0,2.0,32.0,32.0,June 2021
ZAMA G/C,22,3165,Army,5.0,4.0,3.0,,3.0,,,15.0,1.0,1.0,1.0,18.0,18.0,June 2021
HAVANA'S,26,967,Army,,,,,,,,,1.0,,,1.0,1.0,June 2021
HASHMARKS,26,1105,Marine Corps,6.0,,6.0,4.0,4.0,,,20.0,1.0,1.0,2.0,24.0,24.0,June 2021
COURTNEY B/C,26,1107,Marine Corps,3.0,,6.0,2.0,2.0,2.0,,15.0,1.0,1.0,2.0,19.0,19.0,June 2021
TAIYO G/C,26,1109,Marine Corps,21.0,9.0,10.0,,11.0,2.0,,53.0,1.0,2.0,2.0,58.0,58.0,June 2021
BUTLER B/C,26,1111,Marine Corps,4.0,7.0,2.0,1.0,10.0,2.0,,26.0,1.0,1.0,2.0,30.0,30.0,June 2021
OCEAN BREEZE,26,1114,Marine Corps,16.0,18.0,15.0,,26.0,3.0,,78.0,1.0,3.0,2.0,84.0,84.0,June 2021
SURFSIDE,26,1122,Marine Corps,6.0,,4.0,,6.0,2.0,,18.0,1.0,1.0,2.0,22.0,22.0,June 2021
PALMS,26,2238,Marine Corps,16.0,8.0,6.0,4.0,11.0,2.0,,47.0,1.0,2.0,2.0,52.0,52.0,June 2021
WEST PAC LODGE,26,2317,Marine Corps,6.0,,4.0,4.0,2.0,,,16.0,1.0,1.0,1.0,19.0,19.0,June 2021
BEACH HEAD,26,2394,Marine Corps,5.0,,1.0,2.0,,,3.0,11.0,1.0,1.0,2.0,15.0,15.0,June 2021
CROW'S NEST,26,2523,Navy,6.0,4.0,2.0,2.0,6.0,,,20.0,1.0,1.0,2.0,24.0,24.0,June 2021
PORT CALL,26,2525,Navy,2.0,,2.0,2.0,,3.0,,9.0,1.0,1.0,2.0,13.0,13.0,June 2021
WHISPERS,26,3159,Marine Corps,4.0,4.0,2.0,,,,,10.0,,1.0,1.0,12.0,12.0,June 2021
HANSEN TLF,26,3169,Marine Corps,2.0,,4.0,2.0,2.0,2.0,,12.0,1.0,1.0,1.0,15.0,15.0,June 2021
STATE'S GRILL,21,866,Army,12.0,4.0,5.0,,,2.0,,23.0,1.0,1.0,2.0,27.0,27.0,June 2021
HILLTOP,21,867,Army,7.0,10.0,2.0,,8.0,2.0,,29.0,1.0,1.0,2.0,33.0,33.0,June 2021
LOS CANTINA,21,869,Army,5.0,,1.0,,,3.0,3.0,12.0,,1.0,2.0,15.0,15.0,June 2021
WINDY CITY,21,870,Army,14.0,,4.0,6.0,,,,24.0,1.0,1.0,2.0,28.0,28.0,June 2021
EL GUERRERO,21,891,Army,16.0,,10.0,,3.0,,,29.0,1.0,1.0,2.0,33.0,33.0,June 2021
TURTLE COVE,21,2521,Navy,6.0,,,5.0,,,,11.0,1.0,1.0,2.0,15.0,15.0,June 2021
GATEWAY CLUB,23,797,Army,9.0,5.0,2.0,,6.0,2.0,,24.0,,,1.0,25.0,25.0,June 2021
WARRIOR'S,23,798,Army,10.0,,2.0,2.0,,,,14.0,1.0,1.0,1.0,17.0,17.0,June 2021
CASEY B/C,23,819,Army,12.0,4.0,2.0,,4.0,2.0,,24.0,1.0,1.0,1.0,27.0,27.0,June 2021
CASEY LODGE,23,1940,Army,6.0,,1.0,2.0,2.0,,,11.0,1.0,1.0,1.0,14.0,14.0,June 2021
FLIGHTLINE,24,3166,Army,8.0,,,,2.0,,,10.0,1.0,1.0,1.0,13.0,13.0,June 2021
CAVE,24,3168,Army,22.0,6.0,5.0,,8.0,,,41.0,1.0,2.0,2.0,46.0,46.0,June 2021
HUMPHREYS B/C,24,839,Army,6.0,4.0,4.0,,,,,14.0,1.0,1.0,2.0,18.0,18.0,June 2021
MORNING CALM,24,3158,Army,15.0,15.0,6.0,,29.0,3.0,,68.0,1.0,2.0,2.0,73.0,73.0,June 2021
IRISH PUB,2,194,Army,11.0,4.0,7.0,,11.0,2.0,,35.0,1.0,2.0,2.0,40.0,40.0,July 2021
LCCC,2,195,Army,10.0,3.0,5.0,,10.0,2.0,,30.0,1.0,2.0,2.0,35.0,35.0,July 2021
KAZABRA,2,196,Army,6.0,,4.0,,,2.0,,12.0,1.0,1.0,2.0,16.0,16.0,July 2021
STRIKERS,2,218,Army,9.0,4.0,7.0,2.0,8.0,3.0,,33.0,1.0,2.0,2.0,38.0,38.0,July 2021
GOLD MINE,2,1038,Army,9.0,4.0,3.0,3.0,3.0,,,22.0,1.0,2.0,2.0,27.0,27.0,July 2021
ROB JAVA CAFE,2,2887,Army,6.0,,3.0,1.0,1.0,1.0,,12.0,1.0,1.0,1.0,15.0,15.0,July 2021
SEMBACH C/C,2,3072,Army,7.0,,2.0,,7.0,3.0,,19.0,1.0,2.0,2.0,24.0,24.0,July 2021
EDO_CARD_LAB,2,3170,Army,,,,,,,,,,,,0.0,0.0,July 2021
LA PLAZA,43,2600,Navy,13.0,4.0,2.0,,6.0,4.0,,29.0,1.0,1.0,2.0,33.0,33.0,July 2021
PINZ,43,2601,Navy,3.0,,3.0,1.0,5.0,1.0,,13.0,1.0,1.0,1.0,16.0,16.0,July 2021
ROTA FLEET CTR,43,2605,Navy,2.0,,2.0,1.0,,,,5.0,1.0,1.0,1.0,8.0,8.0,July 2021
NGIS ROTA,43,2890,Navy,4.0,,3.0,,2.0,1.0,,10.0,1.0,1.0,1.0,13.0,13.0,July 2021
GRAF E/C,46,413,Army,15.0,4.0,5.0,4.0,6.0,2.0,,36.0,1.0,2.0,2.0,41.0,41.0,July 2021
HOHENFELS B/C,46,415,Army,4.0,4.0,6.0,,4.0,,,18.0,1.0,2.0,2.0,23.0,23.0,July 2021
VILSECK B/C,46,417,Army,7.0,,,2.0,4.0,,,13.0,1.0,1.0,1.0,16.0,16.0,July 2021
LANGENBRUCK,46,1858,Army,13.0,4.0,4.0,,15.0,,,36.0,1.0,2.0,2.0,41.0,41.0,July 2021
ALGIER R/C,46,3145,Army,6.0,,2.0,2.0,4.0,,,14.0,1.0,1.0,2.0,18.0,18.0,July 2021
THE VAULT,47,1669,Army,10.0,4.0,5.0,,11.0,2.0,,32.0,1.0,2.0,2.0,37.0,37.0,July 2021
LIBERTY GAMES,47,1881,Army,7.0,,7.0,,5.0,1.0,,20.0,1.0,1.0,1.0,23.0,23.0,July 2021
WIESBADEN E/C,47,2976,Army,9.0,4.0,4.0,1.0,6.0,2.0,,26.0,,,1.0,27.0,27.0,July 2021
ACE'S GAME RM,47,3108,Army,6.0,1.0,2.0,,,1.0,,10.0,1.0,1.0,1.0,13.0,13.0,July 2021
YOKOSUKA B/C,18,3146,Navy,8.0,4.0,3.0,,6.0,1.0,,22.0,1.0,1.0,2.0,26.0,26.0,July 2021
CLUB ALLIANCE,18,3147,Navy,7.0,5.0,2.0,1.0,12.0,2.0,,29.0,1.0,1.0,2.0,33.0,33.0,July 2021
CPO CLUB,18,3148,Navy,7.0,,3.0,,1.0,1.0,,12.0,1.0,1.0,2.0,16.0,16.0,July 2021
TAKEMIYA CLUB,18,3149,Navy,3.0,,,1.0,1.0,1.0,,6.0,1.0,1.0,2.0,10.0,10.0,July 2021
OFFICERS CLUB,18,3150,Navy,6.0,,2.0,2.0,1.0,2.0,,13.0,1.0,1.0,2.0,17.0,17.0,July 2021
SEASIDE CLUB,18,3151,Navy,4.0,8.0,4.0,2.0,13.0,1.0,,32.0,1.0,1.0,2.0,36.0,36.0,July 2021
ZAMA C/C,22,883,Army,8.0,5.0,4.0,2.0,8.0,3.0,,30.0,1.0,1.0,1.0,33.0,33.0,July 2021
SHA CLUB,22,885,Army,4.0,,1.0,2.0,,,,7.0,1.0,1.0,1.0,10.0,10.0,July 2021
ZAMA B/C,22,886,Army,5.0,,2.0,1.0,,,,8.0,1.0,1.0,1.0,11.0,11.0,July 2021
ROAD HOUSE,22,1127,Marine Corps,7.0,,,,,,,7.0,1.0,1.0,1.0,10.0,10.0,July 2021
SANNO HOTEL,22,2664,Navy,12.0,6.0,4.0,2.0,8.0,,,32.0,1.0,1.0,2.0,36.0,36.0,July 2021
CORNER POCKET,22,3078,Navy,10.0,,2.0,2.0,3.0,,,17.0,1.0,1.0,1.0,20.0,20.0,July 2021
CLUB TRILOGY,22,3079,Navy,10.0,6.0,2.0,2.0,8.0,,,28.0,1.0,1.0,2.0,32.0,32.0,July 2021
ZAMA G/C,22,3165,Army,5.0,4.0,3.0,,3.0,,,15.0,1.0,1.0,1.0,18.0,18.0,July 2021
HAVANA'S,26,967,Army,2.0,,1.0,2.0,,1.0,,6.0,1.0,1.0,1.0,9.0,9.0,July 2021
HASHMARKS,26,1105,Marine Corps,6.0,,6.0,4.0,4.0,,,20.0,1.0,1.0,2.0,24.0,24.0,July 2021
COURTNEY B/C,26,1107,Marine Corps,3.0,,6.0,2.0,2.0,2.0,,15.0,1.0,1.0,2.0,19.0,19.0,July 2021
TAIYO G/C,26,1109,Marine Corps,21.0,9.0,10.0,,11.0,2.0,,53.0,1.0,2.0,2.0,58.0,58.0,July 2021
BUTLER B/C,26,1111,Marine Corps,4.0,7.0,2.0,1.0,10.0,2.0,,26.0,1.0,1.0,2.0,30.0,30.0,July 2021
OCEAN BREEZE,26,1114,Marine Corps,16.0,18.0,15.0,,26.0,3.0,,78.0,1.0,3.0,2.0,84.0,84.0,July 2021
SURFSIDE,26,1122,Marine Corps,6.0,,4.0,,6.0,2.0,,18.0,1.0,1.0,2.0,22.0,22.0,July 2021
PALMS,26,2238,Marine Corps,16.0,8.0,6.0,4.0,11.0,2.0,,47.0,1.0,2.0,2.0,52.0,52.0,July 2021
WEST PAC LODGE,26,2317,Marine Corps,6.0,,4.0,4.0,2.0,,,16.0,1.0,1.0,1.0,19.0,19.0,July 2021
BEACH HEAD,26,2394,Marine Corps,5.0,,1.0,2.0,,,3.0,11.0,1.0,1.0,2.0,15.0,15.0,July 2021
CROW'S NEST,26,2523,Navy,6.0,4.0,2.0,2.0,6.0,,,20.0,1.0,1.0,2.0,24.0,24.0,July 2021
PORT CALL,26,2525,Navy,2.0,,2.0,2.0,,3.0,,9.0,1.0,1.0,2.0,13.0,13.0,July 2021
WHISPERS,26,3159,Marine Corps,4.0,4.0,2.0,,,,,10.0,,1.0,1.0,12.0,12.0,July 2021
HANSEN TLF,26,3169,Marine Corps,2.0,,4.0,2.0,2.0,2.0,,12.0,1.0,1.0,1.0,15.0,15.0,July 2021
STATE'S GRILL,21,866,Army,12.0,4.0,5.0,,,2.0,,23.0,1.0,1.0,2.0,27.0,27.0,July 2021
HILLTOP,21,867,Army,7.0,10.0,2.0,,8.0,2.0,,29.0,1.0,1.0,2.0,33.0,33.0,July 2021
LOS CANTINA,21,869,Army,5.0,,1.0,,,3.0,3.0,12.0,,1.0,2.0,15.0,15.0,July 2021
WINDY CITY,21,870,Army,14.0,,4.0,6.0,,,,24.0,1.0,1.0,2.0,28.0,28.0,July 2021
EL GUERRERO,21,891,Army,16.0,,10.0,,3.0,,,29.0,1.0,1.0,2.0,33.0,33.0,July 2021
TURTLE COVE,21,2521,Navy,6.0,,,5.0,,,,11.0,1.0,1.0,2.0,15.0,15.0,July 2021
GATEWAY CLUB,23,797,Army,9.0,5.0,2.0,,6.0,2.0,,24.0,,,1.0,25.0,25.0,July 2021
WARRIOR'S,23,798,Army,10.0,,2.0,2.0,,,,14.0,1.0,1.0,1.0,17.0,17.0,July 2021
CASEY B/C,23,819,Army,12.0,4.0,2.0,,4.0,2.0,,24.0,1.0,1.0,1.0,27.0,27.0,July 2021
CASEY LODGE,23,1940,Army,6.0,,1.0,2.0,2.0,,,11.0,1.0,1.0,1.0,14.0,14.0,July 2021
FLIGHTLINE,24,3166,Army,8.0,,,,2.0,,,10.0,1.0,1.0,1.0,13.0,13.0,July 2021
CAVE,24,3168,Army,22.0,6.0,5.0,,8.0,,,41.0,1.0,2.0,2.0,46.0,46.0,July 2021
HUMPHREYS B/C,24,839,Army,6.0,4.0,4.0,,,,,14.0,1.0,1.0,2.0,18.0,18.0,July 2021
MORNING CALM,24,3158,Army,15.0,15.0,6.0,,29.0,3.0,,68.0,1.0,2.0,2.0,73.0,73.0,July 2021
IRISH PUB,2,194,Army,11.0,4.0,7.0,,11.0,2.0,,35.0,1.0,2.0,2.0,40.0,40.0,July 2021
LCCC,2,195,Army,10.0,3.0,5.0,,10.0,2.0,,30.0,1.0,2.0,2.0,35.0,35.0,July 2021
KAZABRA,2,196,Army,6.0,,4.0,,,2.0,,12.0,1.0,1.0,2.0,16.0,16.0,July 2021
STRIKERS,2,218,Army,9.0,4.0,7.0,2.0,8.0,3.0,,33.0,1.0,2.0,2.0,38.0,38.0,July 2021
GOLD MINE,2,1038,Army,9.0,4.0,3.0,3.0,3.0,,,22.0,1.0,2.0,2.0,27.0,27.0,July 2021
ROB JAVA CAFE,2,2887,Army,6.0,,3.0,1.0,1.0,1.0,,12.0,1.0,1.0,1.0,15.0,15.0,July 2021
SEMBACH C/C,2,3072,Army,7.0,,2.0,,7.0,3.0,,19.0,1.0,2.0,2.0,24.0,24.0,July 2021
EDO_CARD_LAB,2,3170,Army,,,,,,,,,,,,0.0,0.0,July 2021
LA PLAZA,43,2600,Navy,13.0,4.0,2.0,,6.0,4.0,,29.0,1.0,1.0,2.0,33.0,33.0,July 2021
PINZ,43,2601,Navy,3.0,,3.0,1.0,5.0,1.0,,13.0,1.0,1.0,1.0,16.0,16.0,July 2021
ROTA FLEET CTR,43,2605,Navy,2.0,,2.0,1.0,,,,5.0,1.0,1.0,1.0,8.0,8.0,July 2021
NGIS ROTA,43,2890,Navy,4.0,,3.0,,2.0,1.0,,10.0,1.0,1.0,1.0,13.0,13.0,July 2021
GRAF E/C,46,413,Army,15.0,4.0,5.0,4.0,6.0,2.0,,36.0,1.0,2.0,2.0,41.0,41.0,July 2021
HOHENFELS B/C,46,415,Army,4.0,4.0,6.0,,4.0,,,18.0,1.0,2.0,2.0,23.0,23.0,July 2021
VILSECK B/C,46,417,Army,7.0,,,2.0,4.0,,,13.0,1.0,1.0,1.0,16.0,16.0,July 2021
LANGENBRUCK,46,1858,Army,13.0,4.0,4.0,,15.0,,,36.0,1.0,2.0,2.0,41.0,41.0,July 2021
ALGIER R/C,46,3145,Army,6.0,,2.0,2.0,4.0,,,14.0,1.0,1.0,2.0,18.0,18.0,July 2021
THE VAULT,47,1669,Army,10.0,4.0,5.0,,11.0,2.0,,32.0,1.0,2.0,2.0,37.0,37.0,July 2021
LIBERTY GAMES,47,1881,Army,7.0,,7.0,,5.0,1.0,,20.0,1.0,1.0,1.0,23.0,23.0,July 2021
WIESBADEN E/C,47,2976,Army,9.0,4.0,4.0,1.0,6.0,2.0,,26.0,,,1.0,27.0,27.0,July 2021
ACE'S GAME RM,47,3108,Army,6.0,1.0,2.0,,,1.0,,10.0,1.0,1.0,1.0,13.0,13.0,July 2021
YOKOSUKA B/C,18,3146,Navy,8.0,4.0,3.0,,6.0,1.0,,22.0,1.0,1.0,2.0,26.0,26.0,July 2021
CLUB ALLIANCE,18,3147,Navy,7.0,5.0,2.0,1.0,12.0,2.0,,29.0,1.0,1.0,2.0,33.0,33.0,July 2021
CPO CLUB,18,3148,Navy,7.0,,3.0,,1.0,1.0,,12.0,1.0,1.0,2.0,16.0,16.0,July 2021
TAKEMIYA CLUB,18,3149,Navy,3.0,,,1.0,1.0,1.0,,6.0,1.0,1.0,2.0,10.0,10.0,July 2021
OFFICERS CLUB,18,3150,Navy,6.0,,2.0,2.0,1.0,2.0,,13.0,1.0,1.0,2.0,17.0,17.0,July 2021
SEASIDE CLUB,18,3151,Navy,4.0,8.0,4.0,2.0,13.0,1.0,,32.0,1.0,1.0,2.0,36.0,36.0,July 2021
ZAMA C/C,22,883,Army,8.0,5.0,4.0,2.0,8.0,3.0,,30.0,1.0,1.0,1.0,33.0,33.0,July 2021
SHA CLUB,22,885,Army,4.0,,1.0,2.0,,,,7.0,1.0,1.0,1.0,10.0,10.0,July 2021
ZAMA B/C,22,886,Army,5.0,,2.0,1.0,,,,8.0,1.0,1.0,1.0,11.0,11.0,July 2021
ROAD HOUSE,22,1127,Marine Corps,7.0,,,,,,,7.0,1.0,1.0,1.0,10.0,10.0,July 2021
SANNO HOTEL,22,2664,Navy,12.0,6.0,4.0,2.0,8.0,,,32.0,1.0,1.0,2.0,36.0,36.0,July 2021
CORNER POCKET,22,3078,Navy,10.0,,2.0,2.0,3.0,,,17.0,1.0,1.0,1.0,20.0,20.0,July 2021
CLUB TRILOGY,22,3079,Navy,10.0,6.0,2.0,2.0,8.0,,,28.0,1.0,1.0,2.0,32.0,32.0,July 2021
ZAMA G/C,22,3165,Army,5.0,4.0,3.0,,3.0,,,15.0,1.0,1.0,1.0,18.0,18.0,July 2021
HAVANA'S,26,967,Army,2.0,,1.0,2.0,,1.0,,6.0,1.0,1.0,1.0,9.0,9.0,July 2021
HASHMARKS,26,1105,Marine Corps,6.0,,6.0,4.0,4.0,,,20.0,1.0,1.0,2.0,24.0,24.0,July 2021
COURTNEY B/C,26,1107,Marine Corps,3.0,,6.0,2.0,2.0,2.0,,15.0,1.0,1.0,2.0,19.0,19.0,July 2021
TAIYO G/C,26,1109,Marine Corps,21.0,9.0,10.0,,11.0,2.0,,53.0,1.0,2.0,2.0,58.0,58.0,July 2021
BUTLER B/C,26,1111,Marine Corps,4.0,7.0,2.0,1.0,10.0,2.0,,26.0,1.0,1.0,2.0,30.0,30.0,July 2021
OCEAN BREEZE,26,1114,Marine Corps,16.0,18.0,15.0,,26.0,3.0,,78.0,1.0,3.0,2.0,84.0,84.0,July 2021
SURFSIDE,26,1122,Marine Corps,6.0,,4.0,,6.0,2.0,,18.0,1.0,1.0,2.0,22.0,22.0,July 2021
PALMS,26,2238,Marine Corps,16.0,8.0,6.0,4.0,11.0,2.0,,47.0,1.0,2.0,2.0,52.0,52.0,July 2021
WEST PAC LODGE,26,2317,Marine Corps,6.0,,4.0,4.0,2.0,,,16.0,1.0,1.0,1.0,19.0,19.0,July 2021
BEACH HEAD,26,2394,Marine Corps,5.0,,1.0,2.0,,,3.0,11.0,1.0,1.0,2.0,15.0,15.0,July 2021
CROW'S NEST,26,2523,Navy,6.0,4.0,2.0,2.0,6.0,,,20.0,1.0,1.0,2.0,24.0,24.0,July 2021
PORT CALL,26,2525,Navy,2.0,,2.0,2.0,,3.0,,9.0,1.0,1.0,2.0,13.0,13.0,July 2021
WHISPERS,26,3159,Marine Corps,4.0,4.0,2.0,,,,,10.0,,1.0,1.0,12.0,12.0,July 2021
HANSEN TLF,26,3169,Marine Corps,2.0,,4.0,2.0,2.0,2.0,,12.0,1.0,1.0,1.0,15.0,15.0,July 2021
STATE'S GRILL,21,866,Army,12.0,4.0,5.0,,,2.0,,23.0,1.0,1.0,2.0,27.0,27.0,July 2021
HILLTOP,21,867,Army,7.0,10.0,2.0,,8.0,2.0,,29.0,1.0,1.0,2.0,33.0,33.0,July 2021
PERIMETER PUB,21,869,Army,5.0,,1.0,,,3.0,3.0,12.0,,1.0,2.0,15.0,15.0,July 2021
WINDY CITY,21,870,Army,14.0,,4.0,6.0,,,,24.0,1.0,1.0,2.0,28.0,28.0,July 2021
EL GUERRERO,21,891,Army,16.0,,10.0,,3.0,,,29.0,1.0,1.0,2.0,33.0,33.0,July 2021
TURTLE COVE,21,2521,Navy,6.0,,,5.0,,,,11.0,1.0,1.0,2.0,15.0,15.0,July 2021
GATEWAY CLUB,23,797,Army,9.0,5.0,2.0,,6.0,2.0,,24.0,,,1.0,25.0,25.0,July 2021
WARRIOR'S,23,798,Army,10.0,,2.0,2.0,,,,14.0,1.0,1.0,1.0,17.0,17.0,July 2021
CASEY B/C,23,819,Army,12.0,4.0,2.0,,4.0,2.0,,24.0,1.0,1.0,1.0,27.0,27.0,July 2021
CASEY LODGE,23,1940,Army,6.0,,1.0,2.0,2.0,,,11.0,1.0,1.0,1.0,14.0,14.0,July 2021
FLIGHTLINE,24,3166,Army,8.0,,,,2.0,,,10.0,1.0,1.0,1.0,13.0,13.0,July 2021
CAVE,24,3168,Army,22.0,6.0,5.0,,8.0,,,41.0,1.0,2.0,2.0,46.0,46.0,July 2021
HUMPHREYS B/C,24,839,Army,6.0,4.0,4.0,,,,,14.0,1.0,1.0,2.0,18.0,18.0,July 2021
MORNING CALM,24,3158,Army,15.0,15.0,6.0,,29.0,3.0,,68.0,1.0,2.0,2.0,73.0,73.0,July 2021
IRISH PUB,2,194,Army,11.0,4.0,7.0,,11.0,2.0,,35.0,1.0,2.0,2.0,40.0,40.0,August 2021
LCCC,2,195,Army,10.0,3.0,5.0,,10.0,2.0,,30.0,1.0,2.0,2.0,35.0,35.0,August 2021
KAZABRA,2,196,Army,6.0,,4.0,,,2.0,,12.0,1.0,1.0,2.0,16.0,16.0,August 2021
STRIKERS,2,218,Army,9.0,4.0,7.0,2.0,8.0,3.0,,33.0,1.0,2.0,2.0,38.0,38.0,August 2021
GOLD MINE,2,1038,Army,9.0,4.0,3.0,3.0,3.0,,,22.0,1.0,2.0,2.0,27.0,27.0,August 2021
ROB JAVA CAFE,2,2887,Army,6.0,,3.0,1.0,1.0,1.0,,12.0,1.0,1.0,1.0,15.0,15.0,August 2021
SEMBACH C/C,2,3072,Army,7.0,,2.0,,7.0,3.0,,19.0,1.0,2.0,2.0,24.0,24.0,August 2021
EDO_CARD_LAB,2,3170,Army,,,,,,,,,,,,0.0,0.0,August 2021
LA PLAZA,43,2600,Navy,13.0,4.0,2.0,,6.0,4.0,,29.0,1.0,1.0,2.0,33.0,33.0,August 2021
PINZ,43,2601,Navy,3.0,,3.0,1.0,5.0,1.0,,13.0,1.0,1.0,1.0,16.0,16.0,August 2021
ROTA FLEET CTR,43,2605,Navy,2.0,,2.0,1.0,,,,5.0,1.0,1.0,1.0,8.0,8.0,August 2021
NGIS ROTA,43,2890,Navy,4.0,,3.0,,2.0,1.0,,10.0,1.0,1.0,1.0,13.0,13.0,August 2021
GRAF E/C,46,413,Army,15.0,4.0,5.0,4.0,6.0,2.0,,36.0,1.0,2.0,2.0,41.0,41.0,August 2021
HOHENFELS B/C,46,415,Army,4.0,4.0,6.0,,4.0,,,18.0,1.0,2.0,2.0,23.0,23.0,August 2021
VILSECK B/C,46,417,Army,7.0,,,2.0,4.0,,,13.0,1.0,1.0,1.0,16.0,16.0,August 2021
LANGENBRUCK,46,1858,Army,13.0,4.0,4.0,,15.0,,,36.0,1.0,2.0,2.0,41.0,41.0,August 2021
ALGIER R/C,46,3145,Army,6.0,,2.0,2.0,4.0,,,14.0,1.0,1.0,2.0,18.0,18.0,August 2021
THE VAULT,47,1669,Army,10.0,4.0,5.0,,11.0,2.0,,32.0,1.0,2.0,2.0,37.0,37.0,August 2021
LIBERTY GAMES,47,1881,Army,7.0,,7.0,,5.0,1.0,,20.0,1.0,1.0,1.0,23.0,23.0,August 2021
WIESBADEN E/C,47,2976,Army,9.0,4.0,4.0,1.0,6.0,2.0,,26.0,,,1.0,27.0,27.0,August 2021
ACE'S GAME RM,47,3108,Army,6.0,1.0,2.0,,,1.0,,10.0,1.0,1.0,1.0,13.0,13.0,August 2021
YOKOSUKA B/C,18,3146,Navy,8.0,4.0,3.0,,6.0,1.0,,22.0,1.0,1.0,2.0,26.0,26.0,August 2021
CLUB ALLIANCE,18,3147,Navy,7.0,5.0,2.0,1.0,12.0,2.0,,29.0,1.0,1.0,2.0,33.0,33.0,August 2021
CPO CLUB,18,3148,Navy,7.0,,3.0,,1.0,1.0,,12.0,1.0,1.0,2.0,16.0,16.0,August 2021
TAKEMIYA CLUB,18,3149,Navy,3.0,,,1.0,1.0,1.0,,6.0,1.0,1.0,2.0,10.0,10.0,August 2021
OFFICERS CLUB,18,3150,Navy,6.0,,2.0,2.0,1.0,2.0,,13.0,1.0,1.0,2.0,17.0,17.0,August 2021
SEASIDE CLUB,18,3151,Navy,4.0,8.0,4.0,2.0,13.0,1.0,,32.0,1.0,1.0,2.0,36.0,36.0,August 2021
ZAMA C/C,22,883,Army,8.0,5.0,4.0,2.0,8.0,3.0,,30.0,1.0,1.0,1.0,33.0,33.0,August 2021
SHA CLUB,22,885,Army,4.0,,1.0,2.0,,,,7.0,1.0,1.0,1.0,10.0,10.0,August 2021
ZAMA B/C,22,886,Army,5.0,,2.0,1.0,,,,8.0,1.0,1.0,1.0,11.0,11.0,August 2021
ROAD HOUSE,22,1127,Marine Corps,7.0,,,,,,,7.0,1.0,1.0,1.0,10.0,10.0,August 2021
SANNO HOTEL,22,2664,Navy,12.0,6.0,4.0,2.0,8.0,,,32.0,1.0,1.0,2.0,36.0,36.0,August 2021
CORNER POCKET,22,3078,Navy,10.0,,2.0,2.0,3.0,,,17.0,1.0,1.0,1.0,20.0,20.0,August 2021
CLUB TRILOGY,22,3079,Navy,10.0,6.0,2.0,2.0,8.0,,,28.0,1.0,1.0,2.0,32.0,32.0,August 2021
ZAMA G/C,22,3165,Army,5.0,4.0,3.0,,3.0,,,15.0,1.0,1.0,1.0,18.0,18.0,August 2021
HAVANA'S,26,967,Army,2.0,,1.0,2.0,,1.0,,6.0,1.0,1.0,1.0,9.0,9.0,August 2021
HASHMARKS,26,1105,Marine Corps,6.0,,6.0,4.0,4.0,,,20.0,1.0,1.0,2.0,24.0,24.0,August 2021
COURTNEY B/C,26,1107,Marine Corps,3.0,,6.0,2.0,2.0,2.0,,15.0,1.0,1.0,2.0,19.0,19.0,August 2021
TAIYO G/C,26,1109,Marine Corps,21.0,9.0,10.0,,11.0,2.0,,53.0,1.0,2.0,2.0,58.0,58.0,August 2021
BUTLER B/C,26,1111,Marine Corps,4.0,7.0,2.0,1.0,10.0,2.0,,26.0,1.0,1.0,2.0,30.0,30.0,August 2021
OCEAN BREEZE,26,1114,Marine Corps,16.0,18.0,15.0,,26.0,3.0,,78.0,1.0,3.0,2.0,84.0,84.0,August 2021
SURFSIDE,26,1122,Marine Corps,6.0,,4.0,,6.0,2.0,,18.0,1.0,1.0,2.0,22.0,22.0,August 2021
PALMS,26,2238,Marine Corps,16.0,8.0,6.0,4.0,11.0,2.0,,47.0,1.0,2.0,2.0,52.0,52.0,August 2021
WEST PAC LODGE,26,2317,Marine Corps,6.0,,4.0,4.0,2.0,,,16.0,1.0,1.0,1.0,19.0,19.0,August 2021
BEACH HEAD,26,2394,Marine Corps,5.0,,1.0,2.0,,,3.0,11.0,1.0,1.0,2.0,15.0,15.0,August 2021
CROW'S NEST,26,2523,Navy,6.0,4.0,2.0,2.0,6.0,,,20.0,1.0,1.0,2.0,24.0,24.0,August 2021
PORT CALL,26,2525,Navy,2.0,,2.0,2.0,,3.0,,9.0,1.0,1.0,2.0,13.0,13.0,August 2021
WHISPERS,26,3159,Marine Corps,4.0,4.0,2.0,,,,,10.0,,1.0,1.0,12.0,12.0,August 2021
HANSEN TLF,26,3169,Marine Corps,2.0,,4.0,2.0,2.0,2.0,,12.0,1.0,1.0,1.0,15.0,15.0,August 2021
STATE'S GRILL,21,866,Army,12.0,4.0,5.0,,,2.0,,23.0,1.0,1.0,2.0,27.0,27.0,August 2021
HILLTOP,21,867,Army,7.0,10.0,2.0,,8.0,2.0,,29.0,1.0,1.0,2.0,33.0,33.0,August 2021
PERIMETER PUB,21,869,Army,5.0,,1.0,,,3.0,3.0,12.0,,1.0,2.0,15.0,15.0,August 2021
WINDY CITY,21,870,Army,14.0,,4.0,6.0,,,,24.0,1.0,1.0,2.0,28.0,28.0,August 2021
EL GUERRERO,21,891,Army,16.0,,10.0,,3.0,,,29.0,1.0,1.0,2.0,33.0,33.0,August 2021
TURTLE COVE,21,2521,Navy,6.0,,,5.0,,,,11.0,1.0,1.0,2.0,15.0,15.0,August 2021
GATEWAY CLUB,23,797,Army,9.0,5.0,2.0,,6.0,2.0,,24.0,,,1.0,25.0,25.0,August 2021
WARRIOR'S,23,798,Army,10.0,,2.0,2.0,,,,14.0,1.0,1.0,1.0,17.0,17.0,August 2021
CASEY B/C,23,819,Army,12.0,4.0,2.0,,4.0,2.0,,24.0,1.0,1.0,1.0,27.0,27.0,August 2021
CASEY LODGE,23,1940,Army,6.0,,1.0,2.0,2.0,,,11.0,1.0,1.0,1.0,14.0,14.0,August 2021
FLIGHTLINE,24,3166,Army,8.0,,,,2.0,,,10.0,1.0,1.0,1.0,13.0,13.0,August 2021
CAVE,24,3168,Army,22.0,6.0,5.0,,8.0,,,41.0,1.0,2.0,2.0,46.0,46.0,August 2021
HUMPHREYS B/C,24,839,Army,6.0,4.0,4.0,,,,,14.0,1.0,1.0,2.0,18.0,18.0,August 2021
MORNING CALM,24,3158,Army,15.0,15.0,6.0,,29.0,3.0,,68.0,1.0,2.0,2.0,73.0,73.0,August 2021
IRISH PUB,2,194,Army,11.0,4.0,7.0,,11.0,2.0,,35.0,1.0,2.0,2.0,40.0,40.0,August 2021
LCCC,2,195,Army,10.0,3.0,5.0,,10.0,2.0,,30.0,1.0,2.0,2.0,35.0,35.0,August 2021
KAZABRA,2,196,Army,6.0,,4.0,,,2.0,,12.0,1.0,1.0,2.0,16.0,16.0,August 2021
STRIKERS,2,218,Army,9.0,4.0,7.0,2.0,8.0,3.0,,33.0,1.0,2.0,2.0,38.0,38.0,August 2021
GOLD MINE,2,1038,Army,9.0,4.0,3.0,3.0,3.0,,,22.0,1.0,2.0,2.0,27.0,27.0,August 2021
ROB JAVA CAFE,2,2887,Army,6.0,,3.0,1.0,1.0,1.0,,12.0,1.0,1.0,1.0,15.0,15.0,August 2021
SEMBACH C/C,2,3072,Army,7.0,,2.0,,7.0,3.0,,19.0,1.0,2.0,2.0,24.0,24.0,August 2021
EDO_CARD_LAB,2,3170,Army,,,,,,,,,,,,0.0,0.0,August 2021
LA PLAZA,43,2600,Navy,13.0,4.0,2.0,,6.0,4.0,,29.0,1.0,1.0,2.0,33.0,33.0,August 2021
PINZ,43,2601,Navy,3.0,,3.0,1.0,5.0,1.0,,13.0,1.0,1.0,1.0,16.0,16.0,August 2021
ROTA FLEET CTR,43,2605,Navy,2.0,,2.0,1.0,,,,5.0,1.0,1.0,1.0,8.0,8.0,August 2021
NGIS ROTA,43,2890,Navy,4.0,,3.0,,2.0,1.0,,10.0,1.0,1.0,1.0,13.0,13.0,August 2021
GRAF E/C,46,413,Army,15.0,4.0,5.0,4.0,6.0,2.0,,36.0,1.0,2.0,2.0,41.0,41.0,August 2021
HOHENFELS B/C,46,415,Army,4.0,4.0,6.0,,4.0,,,18.0,1.0,2.0,2.0,23.0,23.0,August 2021
VILSECK B/C,46,417,Army,7.0,,,2.0,4.0,,,13.0,1.0,1.0,1.0,16.0,16.0,August 2021
LANGENBRUCK,46,1858,Army,13.0,4.0,4.0,,15.0,,,36.0,1.0,2.0,2.0,41.0,41.0,August 2021
ALGIER R/C,46,3145,Army,6.0,,2.0,2.0,4.0,,,14.0,1.0,1.0,2.0,18.0,18.0,August 2021
THE VAULT,47,1669,Army,10.0,4.0,5.0,,11.0,2.0,,32.0,1.0,2.0,2.0,37.0,37.0,August 2021
LIBERTY GAMES,47,1881,Army,7.0,,7.0,,5.0,1.0,,20.0,1.0,1.0,1.0,23.0,23.0,August 2021
WIESBADEN E/C,47,2976,Army,9.0,4.0,4.0,1.0,6.0,2.0,,26.0,,,1.0,27.0,27.0,August 2021
ACE'S GAME RM,47,3108,Army,6.0,1.0,2.0,,,1.0,,10.0,1.0,1.0,1.0,13.0,13.0,August 2021
YOKOSUKA B/C,18,3146,Navy,8.0,4.0,3.0,,6.0,1.0,,22.0,1.0,1.0,2.0,26.0,26.0,August 2021
CLUB ALLIANCE,18,3147,Navy,7.0,5.0,2.0,1.0,12.0,2.0,,29.0,1.0,1.0,2.0,33.0,33.0,August 2021
CPO CLUB,18,3148,Navy,7.0,,3.0,,1.0,1.0,,12.0,1.0,1.0,2.0,16.0,16.0,August 2021
TAKEMIYA CLUB,18,3149,Navy,3.0,,,1.0,1.0,1.0,,6.0,1.0,1.0,2.0,10.0,10.0,August 2021
OFFICERS CLUB,18,3150,Navy,6.0,,2.0,2.0,1.0,2.0,,13.0,1.0,1.0,2.0,17.0,17.0,August 2021
SEASIDE CLUB,18,3151,Navy,4.0,8.0,4.0,2.0,13.0,1.0,,32.0,1.0,1.0,2.0,36.0,36.0,August 2021
ZAMA C/C,22,883,Army,8.0,5.0,4.0,2.0,8.0,3.0,,30.0,1.0,1.0,1.0,33.0,33.0,August 2021
SHA CLUB,22,885,Army,4.0,,1.0,2.0,,,,7.0,1.0,1.0,1.0,10.0,10.0,August 2021
ZAMA B/C,22,886,Army,5.0,,2.0,1.0,,,,8.0,1.0,1.0,1.0,11.0,11.0,August 2021
ROAD HOUSE,22,1127,Marine Corps,7.0,,,,,,,7.0,1.0,1.0,1.0,10.0,10.0,August 2021
SANNO HOTEL,22,2664,Navy,12.0,6.0,4.0,2.0,8.0,,,32.0,1.0,1.0,2.0,36.0,36.0,August 2021
CORNER POCKET,22,3078,Navy,10.0,,2.0,2.0,3.0,,,17.0,1.0,1.0,1.0,20.0,20.0,August 2021
CLUB TRILOGY,22,3079,Navy,10.0,6.0,2.0,2.0,8.0,,,28.0,1.0,1.0,2.0,32.0,32.0,August 2021
ZAMA G/C,22,3165,Army,5.0,4.0,3.0,,3.0,,,15.0,1.0,1.0,1.0,18.0,18.0,August 2021
HAVANA'S,26,967,Army,2.0,,1.0,2.0,,1.0,,6.0,1.0,1.0,1.0,9.0,9.0,August 2021
HASHMARKS,26,1105,Marine Corps,6.0,,6.0,4.0,4.0,,,20.0,1.0,1.0,2.0,24.0,24.0,August 2021
COURTNEY B/C,26,1107,Marine Corps,3.0,,6.0,2.0,2.0,2.0,,15.0,1.0,1.0,2.0,19.0,19.0,August 2021
TAIYO G/C,26,1109,Marine Corps,21.0,9.0,10.0,,11.0,2.0,,53.0,1.0,2.0,2.0,58.0,58.0,August 2021
BUTLER B/C,26,1111,Marine Corps,4.0,7.0,2.0,1.0,10.0,2.0,,26.0,1.0,1.0,2.0,30.0,30.0,August 2021
OCEAN BREEZE,26,1114,Marine Corps,16.0,18.0,15.0,,26.0,3.0,,78.0,1.0,3.0,2.0,84.0,84.0,August 2021
SURFSIDE,26,1122,Marine Corps,6.0,,4.0,,6.0,2.0,,18.0,1.0,1.0,2.0,22.0,22.0,August 2021
PALMS,26,2238,Marine Corps,16.0,8.0,6.0,4.0,11.0,2.0,,47.0,1.0,2.0,2.0,52.0,52.0,August 2021
WEST PAC LODGE,26,2317,Marine Corps,6.0,,4.0,4.0,2.0,,,16.0,1.0,1.0,1.0,19.0,19.0,August 2021
BEACH HEAD,26,2394,Marine Corps,5.0,,1.0,2.0,,,3.0,11.0,1.0,1.0,2.0,15.0,15.0,August 2021
CROW'S NEST,26,2523,Navy,6.0,4.0,2.0,2.0,6.0,,,20.0,1.0,1.0,2.0,24.0,24.0,August 2021
PORT CALL,26,2525,Navy,2.0,,2.0,2.0,,3.0,,9.0,1.0,1.0,2.0,13.0,13.0,August 2021
WHISPERS,26,3159,Marine Corps,4.0,4.0,2.0,,,,,10.0,,1.0,1.0,12.0,12.0,August 2021
HANSEN TLF,26,3169,Marine Corps,2.0,,4.0,2.0,2.0,2.0,,12.0,1.0,1.0,1.0,15.0,15.0,August 2021
STATE'S GRILL,21,866,Army,12.0,4.0,5.0,,,2.0,,23.0,1.0,1.0,2.0,27.0,27.0,August 2021
HILLTOP,21,867,Army,7.0,10.0,2.0,,8.0,2.0,,29.0,1.0,1.0,2.0,33.0,33.0,August 2021
PERIMETER PUB,21,869,Army,5.0,,1.0,,,3.0,3.0,12.0,,1.0,2.0,15.0,15.0,August 2021
WINDY CITY,21,870,Army,14.0,,4.0,6.0,,,,24.0,1.0,1.0,2.0,28.0,28.0,August 2021
EL GUERRERO,21,891,Army,16.0,,10.0,,3.0,,,29.0,1.0,1.0,2.0,33.0,33.0,August 2021
TURTLE COVE,21,2521,Navy,6.0,,,5.0,,,,11.0,1.0,1.0,2.0,15.0,15.0,August 2021
GATEWAY CLUB,23,797,Army,9.0,5.0,2.0,,6.0,2.0,,24.0,,,1.0,25.0,25.0,August 2021
WARRIOR'S,23,798,Army,10.0,,2.0,2.0,,,,14.0,1.0,1.0,1.0,17.0,17.0,August 2021
CASEY B/C,23,819,Army,12.0,4.0,2.0,,4.0,2.0,,24.0,1.0,1.0,1.0,27.0,27.0,August 2021
CASEY LODGE,23,1940,Army,6.0,,1.0,2.0,2.0,,,11.0,1.0,1.0,1.0,14.0,14.0,August 2021
FLIGHTLINE,24,3166,Army,8.0,,,,2.0,,,10.0,1.0,1.0,1.0,13.0,13.0,August 2021
CAVE,24,3168,Army,22.0,6.0,5.0,,8.0,,,41.0,1.0,2.0,2.0,46.0,46.0,August 2021
HUMPHREYS B/C,24,839,Army,6.0,4.0,4.0,,,,,14.0,1.0,1.0,2.0,18.0,18.0,August 2021
MORNING CALM,24,3158,Army,15.0,15.0,6.0,,29.0,3.0,,68.0,1.0,2.0,2.0,73.0,73.0,August 2021
ARMSTRONG'S,2,194,Army,11.0,4.0,7.0,,11.0,2.0,,35.0,1.0,2.0,2.0,40.0,40.0,September 2021
LCCC,2,195,Army,10.0,3.0,5.0,,10.0,2.0,,30.0,1.0,2.0,2.0,35.0,35.0,September 2021
KAZABRA,2,196,Army,6.0,,4.0,,,2.0,,12.0,1.0,1.0,2.0,16.0,16.0,September 2021
STRIKERS,2,218,Army,9.0,4.0,7.0,2.0,8.0,3.0,,33.0,1.0,2.0,2.0,38.0,38.0,September 2021
GOLD MINE,2,1038,Army,9.0,4.0,3.0,3.0,3.0,,,22.0,1.0,2.0,2.0,27.0,27.0,September 2021
ROB JAVA CAFE,2,2887,Army,6.0,,3.0,1.0,1.0,1.0,,12.0,1.0,1.0,1.0,15.0,15.0,September 2021
SEMBACH C/C,2,3072,Army,7.0,,2.0,,7.0,3.0,,19.0,1.0,2.0,2.0,24.0,24.0,September 2021
EDO_CARD_LAB,2,3170,Army,,,,,,,,,,,,0.0,0.0,September 2021
LA PLAZA,43,2600,Navy,13.0,4.0,2.0,,6.0,4.0,,29.0,1.0,1.0,2.0,33.0,33.0,September 2021
PINZ,43,2601,Navy,3.0,,3.0,1.0,5.0,1.0,,13.0,1.0,1.0,1.0,16.0,16.0,September 2021
ROTA FLEET CTR,43,2605,Navy,2.0,,2.0,1.0,,,,5.0,1.0,1.0,1.0,8.0,8.0,September 2021
NGIS ROTA,43,2890,Navy,4.0,,3.0,,2.0,1.0,,10.0,1.0,1.0,1.0,13.0,13.0,September 2021
GRAF E/C,46,413,Army,15.0,4.0,5.0,4.0,6.0,2.0,,36.0,1.0,2.0,2.0,41.0,41.0,September 2021
HOHENFELS B/C,46,415,Army,4.0,4.0,6.0,,4.0,,,18.0,1.0,2.0,2.0,23.0,23.0,September 2021
VILSECK B/C,46,417,Army,7.0,,,2.0,4.0,,,13.0,1.0,1.0,1.0,16.0,16.0,September 2021
LANGENBRUCK,46,1858,Army,13.0,4.0,4.0,,15.0,,,36.0,1.0,2.0,2.0,41.0,41.0,September 2021
ALGIER R/C,46,3145,Army,,,,,,,,,,,,0.0,0.0,September 2021
THE VAULT,47,1669,Army,10.0,4.0,5.0,,11.0,2.0,,32.0,1.0,2.0,2.0,37.0,37.0,September 2021
LIBERTY GAMES,47,1881,Army,7.0,,7.0,,5.0,1.0,,20.0,1.0,1.0,1.0,23.0,23.0,September 2021
WIESBADEN E/C,47,2976,Army,9.0,4.0,4.0,1.0,6.0,2.0,,26.0,,1.0,,27.0,27.0,September 2021
ACE'S GAME RM,47,3108,Army,6.0,1.0,2.0,,,1.0,,10.0,1.0,1.0,1.0,13.0,13.0,September 2021
YOKOSUKA B/C,18,3146,Navy,8.0,4.0,3.0,,6.0,1.0,,22.0,1.0,1.0,2.0,26.0,26.0,September 2021
CLUB ALLIANCE,18,3147,Navy,7.0,5.0,2.0,1.0,12.0,2.0,,29.0,1.0,1.0,2.0,33.0,33.0,September 2021
CPO CLUB,18,3148,Navy,7.0,,3.0,,1.0,1.0,,12.0,1.0,1.0,2.0,16.0,16.0,September 2021
TAKEMIYA CLUB,18,3149,Navy,3.0,,,1.0,1.0,1.0,,6.0,1.0,1.0,2.0,10.0,10.0,September 2021
OFFICERS CLUB,18,3150,Navy,6.0,,2.0,2.0,1.0,2.0,,13.0,1.0,1.0,2.0,17.0,17.0,September 2021
SEASIDE CLUB,18,3151,Navy,4.0,8.0,4.0,2.0,13.0,1.0,,32.0,1.0,1.0,2.0,36.0,36.0,September 2021
ZAMA C/C,22,883,Army,8.0,5.0,4.0,2.0,8.0,3.0,,30.0,1.0,1.0,1.0,33.0,33.0,September 2021
SHA CLUB,22,885,Army,4.0,,1.0,2.0,,,,7.0,1.0,1.0,1.0,10.0,10.0,September 2021
ZAMA B/C,22,886,Army,5.0,,2.0,1.0,,,,8.0,1.0,1.0,1.0,11.0,11.0,September 2021
ROAD HOUSE,22,1127,Marine Corps,7.0,,,,,,,7.0,1.0,1.0,1.0,10.0,10.0,September 2021
SANNO HOTEL,22,2664,Navy,12.0,6.0,4.0,2.0,8.0,,,32.0,1.0,1.0,2.0,36.0,36.0,September 2021
CORNER POCKET,22,3078,Navy,10.0,,2.0,2.0,3.0,,,17.0,1.0,1.0,1.0,20.0,20.0,September 2021
CLUB TRILOGY,22,3079,Navy,10.0,6.0,2.0,2.0,8.0,,,28.0,1.0,1.0,2.0,32.0,32.0,September 2021
ZAMA G/C,22,3165,Army,5.0,4.0,3.0,,3.0,,,15.0,1.0,1.0,1.0,18.0,18.0,September 2021
HAVANA'S,26,967,Army,2.0,,1.0,2.0,,1.0,,6.0,1.0,1.0,1.0,9.0,9.0,September 2021
HASHMARKS,26,1105,Marine Corps,6.0,,6.0,4.0,4.0,,,20.0,1.0,1.0,2.0,24.0,24.0,September 2021
COURTNEY B/C,26,1107,Marine Corps,3.0,,6.0,2.0,2.0,2.0,,15.0,1.0,1.0,2.0,19.0,19.0,September 2021
TAIYO G/C,26,1109,Marine Corps,21.0,9.0,10.0,,11.0,2.0,,53.0,1.0,2.0,2.0,58.0,58.0,September 2021
BUTLER B/C,26,1111,Marine Corps,4.0,7.0,2.0,1.0,10.0,2.0,,26.0,1.0,1.0,2.0,30.0,30.0,September 2021
OCEAN BREEZE,26,1114,Marine Corps,16.0,18.0,15.0,,26.0,3.0,,78.0,1.0,3.0,2.0,84.0,84.0,September 2021
SURFSIDE,26,1122,Marine Corps,6.0,,4.0,,6.0,2.0,,18.0,1.0,1.0,2.0,22.0,22.0,September 2021
PALMS,26,2238,Marine Corps,16.0,8.0,6.0,4.0,11.0,2.0,,47.0,1.0,2.0,2.0,52.0,52.0,September 2021
WEST PAC LODGE,26,2317,Marine Corps,6.0,,4.0,4.0,2.0,,,16.0,1.0,1.0,1.0,19.0,19.0,September 2021
BEACH HEAD,26,2394,Marine Corps,5.0,,1.0,2.0,,,3.0,11.0,1.0,1.0,2.0,15.0,15.0,September 2021
CROW'S NEST,26,2523,Navy,6.0,4.0,2.0,2.0,6.0,,,20.0,1.0,1.0,2.0,24.0,24.0,September 2021
PORT CALL,26,2525,Navy,2.0,,2.0,2.0,,3.0,,9.0,1.0,1.0,2.0,13.0,13.0,September 2021
WHISPERS,26,3159,Marine Corps,4.0,4.0,2.0,,,,,10.0,,1.0,1.0,12.0,12.0,September 2021
HANSEN TLF,26,3169,Marine Corps,2.0,,4.0,2.0,2.0,2.0,,12.0,1.0,1.0,1.0,15.0,15.0,September 2021
STATE'S GRILL,21,866,Army,12.0,4.0,5.0,,,2.0,,23.0,1.0,1.0,2.0,27.0,27.0,September 2021
HILLTOP,21,867,Army,7.0,10.0,2.0,,8.0,2.0,,29.0,1.0,1.0,2.0,33.0,33.0,September 2021
PERIMETER PUB,21,869,Army,5.0,,1.0,,,3.0,3.0,12.0,,1.0,2.0,15.0,15.0,September 2021
WINDY CITY,21,870,Army,14.0,,4.0,6.0,,,,24.0,1.0,1.0,2.0,28.0,28.0,September 2021
EL GUERRERO,21,891,Army,16.0,,10.0,,3.0,,,29.0,1.0,1.0,2.0,33.0,33.0,September 2021
TURTLE COVE,21,2521,Navy,6.0,,,5.0,,,,11.0,1.0,1.0,2.0,15.0,15.0,September 2021
GATEWAY CLUB,23,797,Army,9.0,5.0,2.0,,6.0,2.0,,24.0,,2.0,,26.0,26.0,September 2021
WARRIOR'S,23,798,Army,10.0,,2.0,2.0,,,,14.0,1.0,1.0,1.0,17.0,17.0,September 2021
CASEY B/C,23,819,Army,12.0,4.0,2.0,,4.0,2.0,,24.0,1.0,1.0,1.0,27.0,27.0,September 2021
CASEY LODGE,23,1940,Army,6.0,,1.0,2.0,2.0,,,11.0,1.0,1.0,1.0,14.0,14.0,September 2021
FLIGHTLINE,24,3166,Army,8.0,,,,2.0,,,10.0,1.0,1.0,1.0,13.0,13.0,September 2021
CAVE,24,3168,Army,22.0,6.0,5.0,,8.0,,,41.0,1.0,2.0,2.0,46.0,46.0,September 2021
HUMPHREYS B/C,24,839,Army,6.0,4.0,4.0,,,,,14.0,1.0,1.0,2.0,18.0,18.0,September 2021
MORNING CALM,24,3158,Army,15.0,15.0,6.0,,29.0,3.0,,68.0,1.0,2.0,2.0,73.0,73.0,September 2021
ARMSTRONG'S,2,194,Army,11.0,4.0,7.0,,11.0,2.0,,35.0,1.0,2.0,2.0,40.0,40.0,September 2021
LCCC,2,195,Army,10.0,3.0,5.0,,10.0,2.0,,30.0,1.0,2.0,2.0,35.0,35.0,September 2021
KAZABRA,2,196,Army,6.0,,4.0,,,2.0,,12.0,1.0,1.0,2.0,16.0,16.0,September 2021
STRIKERS,2,218,Army,9.0,4.0,7.0,2.0,8.0,3.0,,33.0,1.0,2.0,2.0,38.0,38.0,September 2021
GOLD MINE,2,1038,Army,9.0,4.0,3.0,3.0,3.0,,,22.0,1.0,2.0,2.0,27.0,27.0,September 2021
ROB JAVA CAFE,2,2887,Army,6.0,,3.0,1.0,1.0,1.0,,12.0,1.0,1.0,1.0,15.0,15.0,September 2021
SEMBACH C/C,2,3072,Army,7.0,,2.0,,7.0,3.0,,19.0,1.0,2.0,2.0,24.0,24.0,September 2021
EDO_CARD_LAB,2,3170,Army,,,,,,,,,,,,0.0,0.0,September 2021
LA PLAZA,43,2600,Navy,13.0,4.0,2.0,,6.0,4.0,,29.0,1.0,1.0,2.0,33.0,33.0,September 2021
PINZ,43,2601,Navy,3.0,,3.0,1.0,5.0,1.0,,13.0,1.0,1.0,1.0,16.0,16.0,September 2021
ROTA FLEET CTR,43,2605,Navy,2.0,,2.0,1.0,,,,5.0,1.0,1.0,1.0,8.0,8.0,September 2021
NGIS ROTA,43,2890,Navy,4.0,,3.0,,2.0,1.0,,10.0,1.0,1.0,1.0,13.0,13.0,September 2021
GRAF E/C,46,413,Army,15.0,4.0,5.0,4.0,6.0,2.0,,36.0,1.0,2.0,2.0,41.0,41.0,September 2021
HOHENFELS B/C,46,415,Army,4.0,4.0,6.0,,4.0,,,18.0,1.0,2.0,2.0,23.0,23.0,September 2021
VILSECK B/C,46,417,Army,7.0,,,2.0,4.0,,,13.0,1.0,1.0,1.0,16.0,16.0,September 2021
LANGENBRUCK,46,1858,Army,13.0,4.0,4.0,,15.0,,,36.0,1.0,2.0,2.0,41.0,41.0,September 2021
ALGIER R/C,46,3145,Army,,,,,,,,,,,,0.0,0.0,September 2021
THE VAULT,47,1669,Army,10.0,4.0,5.0,,11.0,2.0,,32.0,1.0,2.0,2.0,37.0,37.0,September 2021
LIBERTY GAMES,47,1881,Army,7.0,,7.0,,5.0,1.0,,20.0,1.0,1.0,1.0,23.0,23.0,September 2021
WIESBADEN E/C,47,2976,Army,9.0,4.0,4.0,1.0,6.0,2.0,,26.0,,1.0,,27.0,27.0,September 2021
ACE'S GAME RM,47,3108,Army,6.0,1.0,2.0,,,1.0,,10.0,1.0,1.0,1.0,13.0,13.0,September 2021
YOKOSUKA B/C,18,3146,Navy,8.0,4.0,3.0,,6.0,1.0,,22.0,1.0,1.0,2.0,26.0,26.0,September 2021
CLUB ALLIANCE,18,3147,Navy,7.0,5.0,2.0,1.0,12.0,2.0,,29.0,1.0,1.0,2.0,33.0,33.0,September 2021
CPO CLUB,18,3148,Navy,7.0,,3.0,,1.0,1.0,,12.0,1.0,1.0,2.0,16.0,16.0,September 2021
TAKEMIYA CLUB,18,3149,Navy,3.0,,,1.0,1.0,1.0,,6.0,1.0,1.0,2.0,10.0,10.0,September 2021
OFFICERS CLUB,18,3150,Navy,6.0,,2.0,2.0,1.0,2.0,,13.0,1.0,1.0,2.0,17.0,17.0,September 2021
SEASIDE CLUB,18,3151,Navy,4.0,8.0,4.0,2.0,13.0,1.0,,32.0,1.0,1.0,2.0,36.0,36.0,September 2021
ZAMA C/C,22,883,Army,8.0,5.0,4.0,2.0,8.0,3.0,,30.0,1.0,1.0,1.0,33.0,33.0,September 2021
SHA CLUB,22,885,Army,4.0,,1.0,2.0,,,,7.0,1.0,1.0,1.0,10.0,10.0,September 2021
ZAMA B/C,22,886,Army,5.0,,2.0,1.0,,,,8.0,1.0,1.0,1.0,11.0,11.0,September 2021
ROAD HOUSE,22,1127,Marine Corps,7.0,,,,,,,7.0,1.0,1.0,1.0,10.0,10.0,September 2021
SANNO HOTEL,22,2664,Navy,12.0,6.0,4.0,2.0,8.0,,,32.0,1.0,1.0,2.0,36.0,36.0,September 2021
CORNER POCKET,22,3078,Navy,10.0,,2.0,2.0,3.0,,,17.0,1.0,1.0,1.0,20.0,20.0,September 2021
CLUB TRILOGY,22,3079,Navy,10.0,6.0,2.0,2.0,8.0,,,28.0,1.0,1.0,2.0,32.0,32.0,September 2021
ZAMA G/C,22,3165,Army,5.0,4.0,3.0,,3.0,,,15.0,1.0,1.0,1.0,18.0,18.0,September 2021
HAVANA'S,26,967,Army,2.0,,1.0,2.0,,1.0,,6.0,1.0,1.0,1.0,9.0,9.0,September 2021
HASHMARKS,26,1105,Marine Corps,6.0,,6.0,4.0,4.0,,,20.0,1.0,1.0,2.0,24.0,24.0,September 2021
COURTNEY B/C,26,1107,Marine Corps,3.0,,6.0,2.0,2.0,2.0,,15.0,1.0,1.0,2.0,19.0,19.0,September 2021
TAIYO G/C,26,1109,Marine Corps,21.0,9.0,10.0,,11.0,2.0,,53.0,1.0,2.0,2.0,58.0,58.0,September 2021
BUTLER B/C,26,1111,Marine Corps,4.0,7.0,2.0,1.0,10.0,2.0,,26.0,1.0,1.0,2.0,30.0,30.0,September 2021
OCEAN BREEZE,26,1114,Marine Corps,16.0,18.0,15.0,,26.0,3.0,,78.0,1.0,3.0,2.0,84.0,84.0,September 2021
SURFSIDE,26,1122,Marine Corps,6.0,,4.0,,6.0,2.0,,18.0,1.0,1.0,2.0,22.0,22.0,September 2021
PALMS,26,2238,Marine Corps,16.0,8.0,6.0,4.0,11.0,2.0,,47.0,1.0,2.0,2.0,52.0,52.0,September 2021
WEST PAC LODGE,26,2317,Marine Corps,6.0,,4.0,4.0,2.0,,,16.0,1.0,1.0,1.0,19.0,19.0,September 2021
BEACH HEAD,26,2394,Marine Corps,5.0,,1.0,2.0,,,3.0,11.0,1.0,1.0,2.0,15.0,15.0,September 2021
CROW'S NEST,26,2523,Navy,6.0,4.0,2.0,2.0,6.0,,,20.0,1.0,1.0,2.0,24.0,24.0,September 2021
PORT CALL,26,2525,Navy,2.0,,2.0,2.0,,3.0,,9.0,1.0,1.0,2.0,13.0,13.0,September 2021
WHISPERS,26,3159,Marine Corps,4.0,4.0,2.0,,,,,10.0,,1.0,1.0,12.0,12.0,September 2021
HANSEN TLF,26,3169,Marine Corps,2.0,,4.0,2.0,2.0,2.0,,12.0,1.0,1.0,1.0,15.0,15.0,September 2021
STATE'S GRILL,21,866,Army,12.0,4.0,5.0,,,2.0,,23.0,1.0,1.0,2.0,27.0,27.0,September 2021
HILLTOP,21,867,Army,7.0,10.0,2.0,,8.0,2.0,,29.0,1.0,1.0,2.0,33.0,33.0,September 2021
PERIMETER PUB,21,869,Army,5.0,,1.0,,,3.0,3.0,12.0,,1.0,2.0,15.0,15.0,September 2021
WINDY CITY,21,870,Army,14.0,,4.0,6.0,,,,24.0,1.0,1.0,2.0,28.0,28.0,September 2021
EL GUERRERO,21,891,Army,16.0,,10.0,,3.0,,,29.0,1.0,1.0,2.0,33.0,33.0,September 2021
TURTLE COVE,21,2521,Navy,6.0,,,5.0,,,,11.0,1.0,1.0,2.0,15.0,15.0,September 2021
GATEWAY CLUB,23,797,Army,9.0,5.0,2.0,,6.0,2.0,,24.0,,2.0,,26.0,26.0,September 2021
WARRIOR'S,23,798,Army,10.0,,2.0,2.0,,,,14.0,1.0,1.0,1.0,17.0,17.0,September 2021
CASEY B/C,23,819,Army,12.0,4.0,2.0,,4.0,2.0,,24.0,1.0,1.0,1.0,27.0,27.0,September 2021
CASEY LODGE,23,1940,Army,6.0,,1.0,2.0,2.0,,,11.0,1.0,1.0,1.0,14.0,14.0,September 2021
FLIGHTLINE,24,3166,Army,8.0,,,,2.0,,,10.0,1.0,1.0,1.0,13.0,13.0,September 2021
CAVE,24,3168,Army,22.0,6.0,5.0,,8.0,,,41.0,1.0,2.0,2.0,46.0,46.0,September 2021
HUMPHREYS B/C,24,839,Army,6.0,4.0,4.0,,,,,14.0,1.0,1.0,2.0,18.0,18.0,September 2021
MORNING CALM,24,3158,Army,15.0,15.0,6.0,,29.0,3.0,,68.0,1.0,2.0,2.0,73.0,73.0,September 2021
